customer_id,total_orders,total_spend,avg_order_value,last_order_date,first_order_date,tenure_days
CUST00001,6,69020.47,11503.411666666667,2024-03-24,2023-01-16,1362
CUST00002,8,128614.31,16076.78875,2024-05-24,2023-05-10,1248
CUST00003,8,121870.76999999999,15233.846249999999,2024-02-09,2023-02-22,1325
CUST00004,8,117042.02,14630.2525,2024-04-24,2023-02-16,1331
CUST00005,3,39910.72,13303.573333333334,2024-08-12,2024-02-24,958
CUST00006,3,53676.6,17892.2,2024-03-22,2023-03-10,1309
CUST00007,6,61447.03,10241.171666666667,2024-05-14,2023-03-03,1316
CUST00008,6,141229.12,23538.186666666665,2024-11-25,2023-05-16,1242
CUST00009,6,58523.670000000006,9753.945000000002,2024-08-15,2023-01-20,1358
CUST00010,3,22830.34,7610.113333333334,2024-09-14,2023-03-19,1300
CUST00011,4,29825.149999999998,7456.287499999999,2024-06-11,2023-09-08,1127
CUST00012,5,41253.19,8250.638,2024-04-08,2023-01-04,1374
CUST00013,3,54201.01,18067.003333333334,2024-09-11,2024-03-12,941
CUST00014,5,47430.46,9486.092,2024-06-23,2023-02-20,1327
CUST00015,5,108176.71,21635.342,2024-10-16,2023-04-21,1267
CUST00016,1,934.66,934.66,2023-05-16,2023-05-16,1242
CUST00017,6,49090.42,8181.736666666667,2024-06-08,2023-03-11,1308
CUST00018,4,25022.62,6255.655,2024-01-30,2023-01-17,1361
CUST00019,6,77558.02,12926.336666666668,2024-06-10,2023-05-21,1237
CUST00020,5,68778.56,13755.712,2024-05-01,2023-03-16,1303
CUST00021,5,63287.93,12657.586,2024-01-26,2023-02-23,1324
CUST00022,4,51017.46,12754.365,2024-05-06,2023-03-04,1315
CUST00023,8,171956.35,21494.54375,2024-05-20,2023-01-05,1373
CUST00024,5,58442.259999999995,11688.452,2024-11-23,2023-06-12,1215
CUST00025,8,114560.56,14320.07,2024-08-13,2023-01-06,1372
CUST00026,3,44889.240000000005,14963.080000000002,2024-08-30,2023-07-21,1176
CUST00027,7,89562.6,12794.657142857144,2024-11-04,2023-01-13,1365
CUST00028,2,4399.42,2199.71,2023-11-29,2023-03-25,1294
CUST00029,6,70072.76000000001,11678.793333333335,2024-10-21,2023-05-18,1240
CUST00030,5,93144.24,18628.848,2024-04-23,2023-02-06,1341
CUST00031,3,50350.270000000004,16783.423333333336,2023-11-29,2023-05-09,1249
CUST00032,9,184418.47999999998,20490.94222222222,2024-03-09,2023-01-17,1361
CUST00033,5,82633.59999999999,16526.719999999998,2024-08-27,2023-01-23,1355
CUST00034,7,73833.53,10547.647142857142,2024-03-29,2023-01-18,1360
CUST00035,3,52605.81,17535.27,2024-03-16,2023-07-01,1196
CUST00036,3,63327.03999999999,21109.013333333332,2025-09-17,2024-05-28,864
CUST00037,5,29533.67,5906.7339999999995,2023-06-04,2023-01-13,1365
CUST00038,4,46854.89,11713.7225,2024-07-17,2023-02-23,1324
CUST00039,3,40659.18,13553.06,2024-09-14,2023-11-27,1047
CUST00040,4,82601.06,20650.265,2024-12-28,2023-04-17,1271
CUST00041,6,53275.03999999999,8879.173333333332,2024-09-08,2023-07-29,1168
CUST00042,6,123394.25,20565.708333333332,2024-02-07,2023-06-07,1220
CUST00043,5,73363.4,14672.679999999998,2024-11-02,2024-02-11,971
CUST00044,3,21924.73,7308.243333333333,2024-05-05,2023-05-19,1239
CUST00045,5,136764.0,27352.8,2024-03-16,2023-04-17,1271
CUST00046,5,66045.18,13209.035999999998,2024-11-23,2023-07-12,1185
CUST00047,6,18919.82,3153.3033333333333,2024-12-01,2023-11-08,1066
CUST00048,3,50581.420000000006,16860.473333333335,2024-04-02,2023-08-15,1151
CUST00049,4,76264.42,19066.105,2024-10-14,2023-01-02,1376
CUST00050,4,42069.75,10517.4375,2024-10-09,2023-02-24,1323
CUST00051,4,37291.19,9322.7975,2024-12-01,2023-01-08,1370
CUST00052,10,160772.39,16077.239000000001,2024-11-25,2023-05-21,1237
CUST00053,4,38290.64,9572.66,2024-02-27,2023-01-01,1377
CUST00054,4,47586.56,11896.64,2024-09-21,2023-02-02,1345
CUST00055,5,72789.43,14557.885999999999,2024-04-07,2023-08-02,1164
CUST00056,3,33712.05,11237.35,2024-09-10,2023-02-09,1338
CUST00057,1,38581.270000000004,38581.270000000004,2023-06-15,2023-06-15,1212
CUST00058,4,52970.97,13242.7425,2024-10-08,2023-05-05,1253
CUST00059,2,40522.979999999996,20261.489999999998,2024-10-27,2024-05-03,889
CUST00060,5,13573.99,2714.798,2024-07-30,2023-01-06,1372
CUST00061,3,78883.46999999999,26294.489999999994,2024-01-24,2023-12-21,1023
CUST00062,6,91043.92,15173.986666666666,2024-10-19,2023-01-31,1347
CUST00063,4,19909.8,4977.45,2023-12-02,2023-06-02,1225
CUST00064,6,94441.32,15740.220000000001,2024-10-15,2023-01-03,1375
CUST00065,1,7389.78,7389.78,2024-09-06,2024-09-06,763
CUST00066,5,57189.86,11437.972,2024-11-10,2023-01-07,1371
CUST00067,4,20016.64,5004.16,2024-09-04,2023-08-09,1157
CUST00068,1,8521.52,8521.52,2023-01-02,2023-01-02,1376
CUST00069,9,198602.77000000002,22066.974444444448,2024-11-08,2023-01-16,1362
CUST00070,5,130004.9,26000.98,2024-11-13,2023-04-19,1269
CUST00071,1,34493.990000000005,34493.990000000005,2024-08-03,2024-08-03,797
CUST00072,3,31575.77,10525.256666666666,2024-09-29,2023-11-21,1053
CUST00073,3,50170.29,16723.43,2024-06-03,2023-06-07,1220
CUST00074,3,39000.34,13000.113333333333,2024-09-11,2023-10-02,1103
CUST00075,3,49958.61,16652.87,2024-10-07,2023-10-12,1093
CUST00076,3,42527.4,14175.800000000001,2024-03-10,2023-03-02,1317
CUST00077,8,199742.09,24967.76125,2024-10-28,2023-01-01,1377
CUST00078,5,115186.11,23037.222,2024-10-28,2023-04-01,1287
CUST00079,7,135912.04,19416.005714285715,2024-10-02,2023-03-28,1291
CUST00080,4,48313.93,12078.4825,2024-10-11,2023-05-08,1250
CUST00081,3,27758.67,9252.89,2024-05-25,2023-08-16,1150
CUST00082,4,45443.07,11360.7675,2024-07-26,2023-02-07,1340
CUST00083,5,94877.04000000001,18975.408000000003,2024-11-13,2024-03-25,928
CUST00084,5,96046.84,19209.368,2024-07-09,2023-01-07,1371
CUST00085,7,128808.75,18401.25,2024-10-16,2023-02-14,1333
CUST00086,6,103167.09,17194.515,2024-10-19,2024-01-01,1012
CUST00087,3,12324.11,4108.036666666667,2024-10-24,2023-04-22,1266
CUST00088,2,72637.52,36318.76,2024-09-10,2024-04-19,903
CUST00089,3,43935.28999999999,14645.096666666665,2024-09-26,2023-03-24,1295
CUST00090,2,14576.36,7288.18,2024-03-13,2023-07-23,1174
CUST00091,3,51504.97,17168.323333333334,2024-04-30,2024-01-08,1005
CUST00092,8,86709.84,10838.73,2024-11-20,2023-01-14,1364
CUST00093,8,108917.48,13614.685,2024-08-04,2023-02-24,1323
CUST00094,2,26943.07,13471.535,2024-08-17,2023-01-03,1375
CUST00095,6,51254.85,8542.475,2024-06-02,2023-08-17,1149
CUST00096,6,139362.35,23227.058333333334,2024-10-18,2024-05-30,862
CUST00097,10,193834.94999999998,19383.495,2024-08-15,2023-03-12,1307
CUST00098,7,83663.39,11951.912857142857,2024-03-11,2023-01-08,1370
CUST00099,3,80278.69,26759.563333333335,2024-10-08,2023-05-25,1233
CUST00100,8,112386.05,14048.25625,2024-11-23,2023-08-07,1159
CUST00101,6,125525.36,20920.893333333333,2024-02-28,2023-04-08,1280
CUST00102,5,73710.44,14742.088,2024-10-18,2023-02-09,1338
CUST00103,10,163803.76,16380.376,2024-08-10,2023-04-03,1285
CUST00104,2,4712.47,2356.235,2024-01-26,2023-02-21,1326
CUST00105,4,51779.479999999996,12944.869999999999,2024-05-20,2023-02-24,1323
CUST00106,4,62194.29,15548.5725,2024-05-08,2023-04-09,1279
CUST00107,7,90267.45999999999,12895.351428571428,2024-11-30,2023-04-04,1284
CUST00108,2,30768.480000000003,15384.240000000002,2023-10-10,2023-05-05,1253
CUST00109,4,39673.36,9918.34,2024-10-07,2024-03-14,939
CUST00110,9,145543.37,16171.485555555555,2024-10-10,2023-04-06,1282
CUST00111,3,44985.35,14995.116666666667,2024-09-06,2023-03-21,1298
CUST00112,7,92380.35,13197.192857142858,2024-09-04,2023-06-11,1216
CUST00113,3,48361.83,16120.61,2024-11-14,2024-04-15,907
CUST00114,4,45786.86,11446.715,2024-05-08,2023-01-28,1350
CUST00115,1,5900.46,5900.46,2023-03-20,2023-03-20,1299
CUST00116,6,87709.33,14618.221666666666,2024-03-08,2023-01-13,1365
CUST00117,6,96222.91,16037.151666666667,2024-11-24,2023-07-03,1194
CUST00118,4,69045.09,17261.2725,2024-08-17,2023-03-26,1293
CUST00119,1,5066.02,5066.02,2023-09-27,2023-09-27,1108
CUST00120,4,23947.43,5986.8575,2024-04-08,2023-02-19,1328
CUST00121,5,82945.04000000001,16589.008,2024-11-21,2023-06-11,1216
CUST00122,5,101073.68000000001,20214.736,2024-11-18,2023-05-09,1249
CUST00123,7,53047.869999999995,7578.267142857142,2024-09-02,2023-02-17,1330
CUST00124,9,122781.54000000001,13642.393333333333,2024-09-11,2023-02-12,1335
CUST00125,8,106090.84,13261.355,2024-06-19,2023-03-08,1311
CUST00126,3,44048.93,14682.976666666667,2024-04-19,2023-06-22,1205
CUST00127,5,83359.79999999999,16671.96,2024-11-30,2023-06-02,1225
CUST00128,7,174319.46,24902.78,2024-11-14,2023-03-02,1317
CUST00129,2,18182.29,9091.145,2023-08-10,2023-05-22,1236
CUST00130,4,43571.53,10892.8825,2023-12-17,2023-05-25,1233
CUST00131,6,81850.64,13641.773333333333,2024-11-28,2023-03-29,1290
CUST00132,12,201253.32,16771.11,2024-11-16,2023-03-29,1290
CUST00133,4,52439.14,13109.785,2024-11-03,2023-02-15,1332
CUST00134,4,114786.81,28696.7025,2025-03-21,2024-03-06,947
CUST00135,4,25593.31,6398.3275,2023-12-19,2023-01-07,1371
CUST00136,6,95100.97,15850.161666666667,2024-08-23,2023-02-24,1323
CUST00137,3,47872.32,15957.44,2025-10-15,2023-05-26,1232
CUST00138,5,93761.11,18752.222,2024-06-25,2024-04-07,915
CUST00139,9,147020.96000000002,16335.662222222225,2024-11-13,2023-06-15,1212
CUST00140,6,78475.45,13079.241666666667,2024-11-16,2023-02-08,1339
CUST00141,7,41563.9,5937.7,2024-11-12,2023-10-18,1087
CUST00142,3,44422.68,14807.56,2024-07-17,2023-04-07,1281
CUST00143,4,55863.6,13965.9,2024-09-06,2023-01-03,1375
CUST00144,6,20043.02,3340.5033333333336,2024-10-18,2023-02-16,1331
CUST00145,7,137036.18,19576.597142857143,2024-09-16,2023-01-27,1351
CUST00146,9,74304.06,8256.006666666666,2024-03-13,2023-02-24,1323
CUST00147,7,108363.93,15480.561428571427,2024-09-13,2023-01-26,1352
CUST00148,5,54347.33,10869.466,2024-11-03,2023-06-03,1224
CUST00149,4,82535.52,20633.88,2024-05-22,2023-04-28,1260
CUST00150,4,68451.45999999999,17112.864999999998,2024-11-14,2023-12-16,1028
CUST00151,4,60429.14,15107.285,2024-10-28,2023-02-16,1331
CUST00152,7,116843.9,16691.985714285714,2024-11-05,2023-03-07,1312
CUST00153,7,55986.77,7998.11,2025-06-22,2023-11-24,1050
CUST00154,4,67028.06,16757.015,2024-06-26,2023-11-13,1061
CUST00155,6,93536.01000000001,15589.335000000001,2024-06-01,2023-02-09,1338
CUST00156,8,88507.73,11063.46625,2024-11-19,2023-03-27,1292
CUST00157,2,45300.84,22650.42,2023-12-16,2023-12-11,1033
CUST00158,7,73883.97,10554.852857142858,2024-11-20,2023-03-31,1288
CUST00159,3,33677.26,11225.753333333334,2024-07-15,2023-09-23,1112
CUST00160,10,225537.5,22553.75,2024-10-21,2023-01-30,1348
CUST00161,2,21788.989999999998,10894.494999999999,2023-08-26,2023-02-13,1334
CUST00162,4,34981.13,8745.2825,2024-11-15,2023-11-26,1048
CUST00163,5,75402.66,15080.532000000001,2025-07-22,2023-04-29,1259
CUST00164,4,75608.53,18902.1325,2024-02-06,2023-11-01,1073
CUST00165,8,112548.92,14068.615,2024-10-29,2023-04-04,1284
CUST00166,3,35114.18,11704.726666666667,2023-08-13,2023-01-14,1364
CUST00167,2,56633.05,28316.525,2024-02-16,2023-11-02,1072
CUST00168,4,28764.799999999996,7191.199999999999,2024-10-19,2023-07-10,1187
CUST00169,5,69367.39,13873.478,2024-09-07,2023-05-30,1228
CUST00170,4,55365.52,13841.38,2024-10-17,2024-05-07,885
CUST00171,1,945.94,945.94,2023-03-09,2023-03-09,1310
CUST00172,4,85790.1,21447.525,2024-02-03,2023-03-23,1296
CUST00173,3,92922.76999999999,30974.256666666664,2024-02-10,2023-04-08,1280
CUST00174,6,77961.45999999999,12993.576666666666,2024-10-25,2023-01-23,1355
CUST00175,2,32244.55,16122.275,2024-08-10,2023-07-10,1187
CUST00176,6,46628.62,7771.436666666667,2024-11-07,2023-02-14,1333
CUST00177,5,56890.06,11378.011999999999,2024-11-14,2023-06-04,1223
CUST00178,8,114867.26,14358.4075,2024-08-06,2023-02-28,1319
CUST00179,7,71806.1,10258.014285714287,2024-07-31,2023-05-24,1234
CUST00180,3,18701.95,6233.983333333334,2024-02-27,2023-06-04,1223
CUST00181,5,69016.07,13803.214000000002,2024-05-10,2023-04-29,1259
CUST00182,3,29707.300000000003,9902.433333333334,2023-12-19,2023-03-03,1316
CUST00183,4,41905.57,10476.3925,2024-08-29,2023-10-21,1084
CUST00184,6,109216.45999999999,18202.743333333332,2024-03-17,2023-02-12,1335
CUST00185,3,15304.33,5101.443333333334,2024-05-20,2023-10-08,1097
CUST00186,7,100140.95999999999,14305.851428571428,2024-04-07,2023-01-07,1371
CUST00187,7,87989.66,12569.951428571429,2024-05-31,2023-04-02,1286
CUST00188,2,6155.009999999999,3077.5049999999997,2023-08-03,2023-02-02,1345
CUST00189,6,79305.09,13217.515,2024-08-13,2023-03-12,1307
CUST00190,8,144159.38,18019.9225,2025-05-10,2023-01-08,1370
CUST00191,7,85465.81,12209.401428571427,2024-05-30,2023-01-24,1354
CUST00192,4,47201.68000000001,11800.420000000002,2024-10-30,2024-06-17,844
CUST00193,3,38629.58,12876.526666666667,2024-06-11,2023-01-10,1368
CUST00194,5,110348.56,22069.712,2024-09-23,2023-01-11,1367
CUST00195,7,73294.85,10470.692857142858,2024-01-19,2023-02-09,1338
CUST00196,5,37139.33,7427.866,2024-10-27,2023-02-02,1345
CUST00197,1,1153.83,1153.83,2023-10-28,2023-10-28,1077
CUST00198,5,76901.06,15380.212,2024-07-19,2023-01-29,1349
CUST00199,4,96430.14,24107.535,2024-11-09,2024-02-23,959
CUST00200,3,22223.49,7407.830000000001,2024-03-23,2023-05-17,1241
CUST00201,5,52122.93,10424.586,2024-09-24,2023-01-23,1355
CUST00202,7,115932.26000000001,16561.75142857143,2024-11-15,2023-09-10,1125
CUST00203,3,56707.58,18902.52666666667,2024-11-03,2023-11-23,1051
CUST00204,9,85858.19,9539.798888888889,2024-08-27,2023-01-18,1360
CUST00205,3,22280.19,7426.73,2024-09-18,2023-01-18,1360
CUST00206,5,36621.079999999994,7324.2159999999985,2024-11-10,2023-01-31,1347
CUST00207,8,227935.71,28491.96375,2024-10-04,2023-02-11,1336
CUST00208,6,51967.259999999995,8661.21,2024-09-05,2023-06-25,1202
CUST00209,4,30360.82,7590.205,2024-09-09,2023-04-27,1261
CUST00210,6,66206.62,11034.436666666666,2024-11-29,2023-01-18,1360
CUST00211,3,71533.55,23844.516666666666,2024-06-26,2023-10-30,1075
CUST00212,4,25525.49,6381.3725,2024-05-22,2023-05-16,1242
CUST00213,2,16164.159999999998,8082.079999999999,2024-03-28,2024-02-09,973
CUST00214,4,37984.33,9496.0825,2024-09-19,2023-03-15,1304
CUST00215,6,32940.990000000005,5490.165000000001,2024-04-06,2023-01-12,1366
CUST00216,3,23508.32,7836.106666666667,2024-09-28,2023-07-15,1182
CUST00217,5,69634.34,13926.867999999999,2024-11-24,2023-05-06,1252
CUST00218,5,77686.59,15537.318,2024-09-08,2024-02-22,960
CUST00219,3,57683.47,19227.823333333334,2024-07-18,2023-03-26,1293
CUST00220,5,56326.34,11265.268,2024-08-25,2023-01-27,1351
CUST00221,7,112720.31,16102.901428571427,2024-07-16,2023-01-12,1366
CUST00222,7,82759.62,11822.802857142857,2024-07-22,2023-01-07,1371
CUST00223,9,112787.91,12531.99,2024-10-30,2023-02-06,1341
CUST00224,4,69178.67,17294.6675,2024-07-28,2023-03-11,1308
CUST00225,3,23737.69,7912.563333333333,2023-12-29,2023-06-03,1224
CUST00226,6,90426.26,15071.043333333333,2024-08-24,2023-07-28,1169
CUST00227,2,57161.0,28580.5,2024-02-02,2023-04-10,1278
CUST00228,4,38012.24,9503.06,2024-08-04,2023-01-28,1350
CUST00229,4,105444.61000000002,26361.152500000004,2024-08-10,2023-04-16,1272
CUST00230,6,96897.85,16149.641666666668,2024-10-16,2023-02-26,1321
CUST00231,4,50708.94,12677.235,2024-05-30,2023-10-26,1079
CUST00232,7,85377.35,12196.764285714287,2024-10-26,2023-03-14,1305
CUST00233,3,52784.67999999999,17594.89333333333,2024-06-24,2023-06-15,1212
CUST00234,9,200034.7,22226.07777777778,2024-06-07,2023-02-15,1332
CUST00235,3,71329.35,23776.45,2024-05-15,2023-09-25,1110
CUST00236,7,105222.13,15031.732857142857,2024-11-19,2023-01-11,1367
CUST00237,6,58585.72,9764.286666666667,2024-09-05,2023-08-20,1146
CUST00238,5,88847.51000000001,17769.502,2024-08-21,2023-05-26,1232
CUST00239,5,57213.29,11442.658,2024-09-12,2023-08-26,1140
CUST00240,5,44133.3,8826.66,2024-07-13,2023-08-13,1153
CUST00241,6,102303.45,17050.575,2024-08-25,2023-01-13,1365
CUST00242,2,42288.76,21144.38,2023-06-28,2023-02-12,1335
CUST00243,5,49615.44,9923.088,2024-07-18,2023-05-25,1233
CUST00244,4,71932.8,17983.2,2024-07-14,2023-02-12,1335
CUST00245,2,26529.48,13264.74,2024-07-30,2023-08-02,1164
CUST00246,6,60684.97,10114.161666666667,2025-04-09,2023-08-21,1145
CUST00247,6,50191.119999999995,8365.186666666666,2024-06-20,2023-01-20,1358
CUST00248,6,129638.23,21606.371666666666,2023-12-28,2023-01-29,1349
CUST00249,7,109496.95999999999,15642.422857142856,2024-09-10,2023-02-17,1330
CUST00250,3,35752.95,11917.65,2023-04-16,2023-02-12,1335
CUST00251,1,7249.6,7249.6,2023-06-21,2023-06-21,1206
CUST00252,12,170439.64,14203.303333333335,2024-08-14,2023-02-19,1328
CUST00253,8,97361.68000000001,12170.210000000001,2024-10-15,2023-05-23,1235
CUST00254,4,114144.20999999999,28536.052499999998,2024-08-20,2023-05-20,1238
CUST00255,5,64065.77,12813.153999999999,2024-04-29,2023-04-18,1270
CUST00256,7,83160.84,11880.119999999999,2024-11-10,2023-04-18,1270
CUST00257,8,88609.16,11076.145,2024-08-12,2023-02-21,1326
CUST00258,5,51811.91,10362.382000000001,2024-09-24,2023-02-01,1346
CUST00259,2,8192.119999999999,4096.0599999999995,2024-10-20,2024-04-03,919
CUST00260,7,123647.78,17663.96857142857,2024-04-26,2023-01-14,1364
CUST00261,5,45263.89,9052.778,2024-09-04,2023-07-16,1181
CUST00262,6,84411.69,14068.615,2024-11-07,2023-04-05,1283
CUST00263,5,56036.33,11207.266,2024-06-12,2023-01-11,1367
CUST00264,3,14703.92,4901.306666666666,2024-11-18,2024-05-23,869
CUST00265,5,72905.72,14581.144,2024-10-05,2023-09-29,1106
CUST00266,2,2958.99,1479.495,2023-05-23,2023-05-05,1253
CUST00267,5,65450.75,13090.15,2024-05-31,2023-02-05,1342
CUST00268,4,86872.0,21718.0,2023-12-01,2023-03-12,1307
CUST00269,3,55625.3,18541.766666666666,2024-11-02,2023-08-14,1152
CUST00270,6,95776.92,15962.82,2024-06-15,2023-04-15,1273
CUST00271,5,89242.93000000001,17848.586000000003,2024-07-03,2023-02-02,1345
CUST00272,6,91579.48999999999,15263.248333333331,2024-10-10,2023-01-26,1352
CUST00273,5,52637.41,10527.482,2024-11-07,2023-06-20,1207
CUST00274,5,91739.70999999999,18347.942,2024-10-12,2023-03-09,1310
CUST00275,3,13675.869999999999,4558.623333333333,2023-12-04,2023-03-19,1300
CUST00276,5,44645.850000000006,8929.170000000002,2024-09-30,2023-04-14,1274
CUST00277,3,28855.3,9618.433333333332,2024-11-29,2023-07-12,1185
CUST00278,5,70219.67,14043.934,2024-03-29,2023-07-30,1167
CUST00279,3,28920.3,9640.1,2024-02-04,2023-01-07,1371
CUST00280,8,149016.03,18627.00375,2024-09-20,2023-02-11,1336
CUST00281,4,58383.28,14595.82,2024-09-28,2023-01-15,1363
CUST00282,9,113092.88,12565.875555555556,2024-11-14,2023-05-28,1230
CUST00283,4,36957.03,9239.2575,2024-06-05,2023-12-29,1015
CUST00284,4,33260.0,8315.0,2024-11-22,2023-11-14,1060
CUST00285,7,217277.84,31039.691428571427,2024-08-01,2023-02-11,1336
CUST00286,3,33177.82,11059.273333333333,2024-03-22,2023-06-18,1209
CUST00287,5,39061.35,7812.2699999999995,2024-11-30,2023-06-21,1206
CUST00288,3,13773.54,4591.18,2024-11-24,2023-02-09,1338
CUST00289,2,53319.200000000004,26659.600000000002,2024-10-19,2024-10-02,737
CUST00290,10,217178.27,21717.826999999997,2024-10-28,2023-01-28,1350
CUST00291,4,17574.85,4393.7125,2024-10-16,2023-07-29,1168
CUST00292,6,91349.76,15224.96,2024-11-25,2023-01-06,1372
CUST00293,6,134186.27000000002,22364.378333333338,2024-09-02,2023-01-01,1377
CUST00294,2,22283.760000000002,11141.880000000001,2024-09-02,2024-06-01,860
CUST00295,4,39485.5,9871.375,2024-06-25,2023-05-21,1237
CUST00296,6,107763.38,17960.563333333335,2024-07-08,2023-06-06,1221
CUST00297,11,108776.42,9888.765454545455,2024-11-12,2023-02-08,1339
CUST00298,6,47631.17,7938.528333333333,2024-09-15,2023-01-30,1348
CUST00299,7,135604.3,19372.042857142857,2024-08-24,2023-02-03,1344
CUST00300,3,29240.6,9746.866666666667,2024-11-29,2023-03-03,1316
CUST00301,11,144175.41999999998,13106.856363636361,2024-11-07,2023-04-07,1281
CUST00302,4,112756.42,28189.105,2024-09-18,2023-06-22,1205
CUST00303,2,4097.84,2048.92,2024-09-21,2023-05-13,1245
CUST00304,6,107630.70999999999,17938.451666666664,2024-11-22,2023-02-14,1333
CUST00305,6,168148.58999999997,28024.764999999996,2024-07-13,2023-08-26,1140
CUST00306,2,42825.74,21412.87,2023-12-17,2023-05-11,1247
CUST00307,6,89096.67,14849.445,2024-08-26,2023-01-10,1368
CUST00308,5,66627.52,13325.504,2024-06-15,2023-03-19,1300
CUST00309,5,12285.880000000001,2457.1760000000004,2024-07-19,2023-01-11,1367
CUST00310,4,27605.69,6901.4225,2024-10-24,2023-01-01,1377
CUST00311,7,107012.26999999999,15287.467142857142,2024-10-17,2023-01-01,1377
CUST00312,4,53513.2,13378.3,2024-11-21,2023-08-10,1156
CUST00313,2,3929.58,1964.79,2024-02-07,2023-09-18,1117
CUST00314,6,74245.18,12374.196666666665,2024-07-12,2023-03-31,1288
CUST00315,5,68651.79,13730.357999999998,2024-07-01,2023-04-15,1273
CUST00316,3,53166.43,17722.143333333333,2025-04-05,2023-01-10,1368
CUST00317,4,19989.61,4997.4025,2024-11-03,2023-04-03,1285
CUST00318,3,24088.54,8029.513333333333,2023-11-25,2023-01-07,1371
CUST00319,2,31827.68,15913.84,2024-10-21,2023-05-27,1231
CUST00320,5,100580.31,20116.061999999998,2024-04-25,2023-05-01,1257
CUST00321,2,22458.0,11229.0,2024-02-07,2023-07-10,1187
CUST00322,10,206776.18,20677.618,2024-11-12,2023-03-06,1313
CUST00323,5,61372.53,12274.506,2024-10-24,2023-04-25,1263
CUST00324,6,119337.88,19889.646666666667,2024-05-13,2023-01-07,1371
CUST00325,8,139091.91,17386.48875,2024-09-01,2023-01-26,1352
CUST00326,3,47805.619999999995,15935.206666666665,2024-06-27,2023-09-15,1120
CUST00327,4,42985.8,10746.45,2024-10-18,2023-02-14,1333
CUST00328,9,139220.92,15468.991111111112,2024-05-27,2023-01-18,1360
CUST00329,4,61550.35999999999,15387.589999999998,2024-06-17,2023-03-02,1317
CUST00330,7,102753.56999999999,14679.081428571428,2024-10-25,2023-01-25,1353
CUST00331,16,238678.43,14917.401875,2024-10-21,2023-02-03,1344
CUST00332,3,32239.260000000002,10746.42,2024-07-14,2023-07-08,1189
CUST00333,4,52098.97,13024.7425,2024-07-21,2023-06-07,1220
CUST00334,4,71248.42,17812.105,2025-11-12,2023-11-20,1054
CUST00335,9,102306.85,11367.427777777779,2024-08-08,2023-03-26,1293
CUST00336,4,4988.8399999999965,1247.2099999999991,2023-12-09,2023-03-12,1307
CUST00337,5,127348.76,25469.752,2024-11-01,2023-02-06,1341
CUST00338,6,64589.560000000005,10764.926666666668,2024-09-19,2023-05-06,1252
CUST00339,7,97219.95999999999,13888.565714285713,2024-08-27,2023-06-08,1219
CUST00340,3,17476.39,5825.463333333333,2023-12-28,2023-02-15,1332
CUST00341,3,29389.440000000002,9796.480000000001,2023-05-24,2023-01-17,1361
CUST00342,3,34396.68,11465.56,2024-09-07,2024-01-11,1002
CUST00343,5,61339.93,12267.986,2024-11-25,2023-03-25,1294
CUST00344,6,58375.49,9729.248333333333,2024-11-28,2023-04-09,1279
CUST00345,5,177033.08,35406.615999999995,2024-09-21,2023-04-16,1272
CUST00346,8,143498.93,17937.36625,2024-09-24,2023-08-17,1149
CUST00347,2,32373.72,16186.86,2024-05-01,2023-04-22,1266
CUST00348,2,43134.71,21567.355,2024-07-26,2023-02-11,1336
CUST00349,2,41204.159999999996,20602.079999999998,2023-12-02,2023-07-27,1170
CUST00350,6,52298.76,8716.460000000001,2024-10-25,2023-05-01,1257
CUST00351,2,40962.36,20481.18,2024-05-05,2023-01-02,1376
CUST00352,5,61758.33,12351.666000000001,2024-06-01,2023-02-13,1334
CUST00353,1,17721.95,17721.95,2023-10-27,2023-10-27,1078
CUST00354,4,39510.119999999995,9877.529999999999,2024-05-14,2023-07-16,1181
CUST00355,5,32168.729999999996,6433.745999999999,2024-11-17,2024-01-03,1010
CUST00356,4,77625.05,19406.2625,2024-07-20,2023-04-12,1276
CUST00357,5,88903.87,17780.773999999998,2024-04-11,2023-07-09,1188
CUST00358,5,19275.56,3855.112,2024-03-09,2023-02-04,1343
CUST00359,2,19798.440000000002,9899.220000000001,2024-04-15,2024-03-20,933
CUST00360,1,33609.03,33609.03,2023-02-16,2023-02-16,1331
CUST00361,9,87318.83,9702.092222222222,2024-10-16,2023-02-13,1334
CUST00362,4,38715.03,9678.7575,2024-10-03,2023-04-05,1283
CUST00363,5,128757.53,25751.506,2024-11-27,2023-01-24,1354
CUST00364,6,69339.68,11556.613333333333,2024-11-23,2023-05-25,1233
CUST00365,4,30018.38,7504.595,2024-07-31,2023-05-02,1256
CUST00366,1,39460.990000000005,39460.990000000005,2024-05-22,2024-05-22,870
CUST00367,5,63180.98,12636.196,2024-10-27,2023-02-07,1340
CUST00368,7,56020.6,8002.942857142857,2024-09-15,2023-01-15,1363
CUST00369,2,51991.46000000001,25995.730000000003,2024-10-02,2023-03-29,1290
CUST00370,8,90748.18,11343.5225,2024-10-29,2023-06-14,1213
CUST00371,5,19747.739999999998,3949.548,2024-06-02,2023-02-03,1344
CUST00372,2,2641.84,1320.92,2023-04-13,2023-03-12,1307
CUST00373,11,112682.22,10243.838181818182,2024-10-30,2023-03-16,1303
CUST00374,8,84068.26999999999,10508.533749999999,2025-11-03,2023-01-16,1362
CUST00375,3,18172.31,6057.436666666667,2024-02-14,2023-09-10,1125
CUST00376,3,42428.67,14142.89,2024-04-16,2023-04-29,1259
CUST00377,5,43350.64,8670.128,2024-07-01,2023-04-09,1279
CUST00378,3,25806.020000000004,8602.006666666668,2024-06-03,2023-02-26,1321
CUST00379,8,85347.79000000001,10668.473750000001,2024-07-02,2023-05-12,1246
CUST00380,5,61996.43,12399.286,2025-06-14,2023-11-07,1067
CUST00381,1,24321.46,24321.46,2023-10-06,2023-10-06,1099
CUST00382,4,45424.55,11356.1375,2024-08-15,2023-04-05,1283
CUST00383,4,47686.47,11921.6175,2024-09-28,2023-09-01,1134
CUST00384,12,222076.42,18506.368333333336,2024-10-05,2023-01-26,1352
CUST00385,4,38248.3,9562.075,2024-08-13,2023-07-04,1193
CUST00386,5,25862.85,5172.57,2024-07-15,2023-05-27,1231
CUST00387,9,115043.26000000001,12782.584444444445,2024-09-03,2023-04-01,1287
CUST00388,2,20564.82,10282.41,2024-04-30,2023-08-17,1149
CUST00389,5,35821.1,7164.219999999999,2024-09-18,2023-12-25,1019
CUST00390,10,157232.01,15723.201000000001,2024-11-30,2023-01-28,1350
CUST00391,5,87498.5,17499.7,2024-08-12,2023-06-02,1225
CUST00392,5,101856.94,20371.388,2024-10-06,2023-02-07,1340
CUST00393,2,35107.67,17553.835,2024-09-18,2024-07-04,827
CUST00394,10,130844.88,13084.488000000001,2024-10-29,2023-01-17,1361
CUST00395,7,127733.06999999999,18247.581428571426,2024-11-18,2023-01-15,1363
CUST00396,5,157303.69,31460.738,2024-10-22,2023-01-06,1372
CUST00397,6,109247.25,18207.875,2024-10-06,2023-01-21,1357
CUST00398,6,48350.47,8058.411666666667,2024-06-28,2023-03-02,1317
CUST00399,8,144433.77000000002,18054.221250000002,2024-09-01,2023-04-25,1263
CUST00400,9,72972.07,8108.007777777779,2024-11-20,2023-05-19,1239
CUST00401,7,55700.93,7957.2757142857145,2024-09-06,2023-04-09,1279
CUST00402,1,2086.2,2086.2,2024-08-31,2024-08-31,769
CUST00403,3,71234.98,23744.993333333332,2023-10-12,2023-04-14,1274
CUST00404,3,8583.119999999999,2861.0399999999995,2024-09-09,2023-06-27,1200
CUST00405,5,77540.63,15508.126,2024-09-25,2023-01-13,1365
CUST00406,5,41148.27,8229.653999999999,2024-09-27,2023-01-06,1372
CUST00407,8,116380.01,14547.50125,2024-11-29,2023-06-15,1212
CUST00408,6,83035.02,13839.17,2024-05-05,2023-04-15,1273
CUST00409,2,68379.77,34189.885,2024-11-10,2023-06-17,1210
CUST00410,2,11481.38,5740.69,2023-11-25,2023-03-16,1303
CUST00411,6,74100.2,12350.033333333333,2024-09-27,2023-04-27,1261
CUST00412,4,23204.25,5801.0625,2024-03-08,2023-04-22,1266
CUST00413,6,91683.15,15280.525,2024-11-26,2023-07-11,1186
CUST00414,3,77233.8,25744.600000000002,2024-04-04,2023-07-12,1185
CUST00415,3,59827.96000000001,19942.653333333335,2024-05-13,2023-06-21,1206
CUST00416,8,65688.22,8211.0275,2024-04-10,2023-01-24,1354
CUST00417,4,43000.67,10750.1675,2024-09-05,2023-03-29,1290
CUST00418,7,73634.73,10519.247142857143,2024-08-26,2023-04-27,1261
CUST00419,5,67520.44,13504.088,2024-10-31,2023-03-28,1291
CUST00420,7,123185.92,17597.98857142857,2024-10-26,2023-03-08,1311
CUST00421,5,67912.57,13582.514000000001,2024-06-25,2023-03-06,1313
CUST00422,4,61068.83,15267.2075,2024-11-23,2023-09-16,1119
CUST00423,2,29252.93,14626.465,2024-08-03,2023-06-09,1218
CUST00424,6,114260.45,19043.408333333333,2024-10-20,2023-07-03,1194
CUST00425,5,79538.68,15907.735999999999,2024-02-29,2023-05-22,1236
CUST00426,6,89981.01000000001,14996.835000000001,2024-08-13,2023-03-25,1294
CUST00427,6,34409.19,5734.865000000001,2024-11-17,2023-10-07,1098
CUST00428,3,45181.08,15060.36,2024-09-23,2023-07-04,1193
CUST00429,4,42940.740000000005,10735.185000000001,2024-07-14,2023-01-18,1360
CUST00430,6,117505.77,19584.295000000002,2024-03-26,2023-01-24,1354
CUST00431,6,117602.4,19600.399999999998,2024-05-25,2023-01-05,1373
CUST00432,3,60384.75,20128.25,2024-11-21,2023-11-13,1061
CUST00433,4,101105.83000000002,25276.457500000004,2023-03-22,2023-01-31,1347
CUST00434,11,146532.18,13321.107272727271,2024-11-17,2023-06-15,1212
CUST00435,6,67146.06,11191.01,2024-03-03,2023-01-10,1368
CUST00436,3,7548.87,2516.29,2024-11-22,2023-01-30,1348
CUST00437,5,38850.82,7770.164,2024-10-24,2023-04-13,1275
CUST00438,6,67275.02,11212.503333333334,2024-09-24,2023-01-29,1349
CUST00439,5,47517.66,9503.532000000001,2024-04-07,2023-02-11,1336
CUST00440,3,30560.69,10186.896666666666,2024-11-02,2023-05-12,1246
CUST00441,5,88189.11,17637.822,2025-03-25,2023-03-19,1300
CUST00442,3,63862.979999999996,21287.66,2024-06-25,2024-02-13,969
CUST00443,7,106409.63,15201.375714285716,2024-09-24,2023-07-03,1194
CUST00444,5,29349.54,5869.908,2024-10-09,2023-01-10,1368
CUST00445,7,137182.86,19597.551428571427,2024-08-28,2023-01-04,1374
CUST00446,6,147568.94,24594.823333333334,2024-09-15,2024-03-04,949
CUST00447,11,132848.24,12077.112727272726,2024-08-28,2023-03-17,1302
CUST00448,6,50536.48,8422.746666666668,2024-11-14,2023-07-28,1169
CUST00449,3,19603.309999999998,6534.436666666666,2024-09-13,2023-03-08,1311
CUST00450,4,76326.25,19081.5625,2024-11-09,2023-01-14,1364
CUST00451,6,79232.89,13205.481666666667,2025-07-03,2023-08-20,1146
CUST00452,8,158509.47,19813.68375,2024-11-01,2023-03-11,1308
CUST00453,3,25462.3,8487.433333333332,2024-07-05,2023-01-02,1376
CUST00454,4,5471.95,1367.9875,2024-03-30,2023-02-12,1335
CUST00455,3,40127.89,13375.963333333333,2024-03-14,2023-02-07,1340
CUST00456,3,73331.32,24443.773333333334,2024-06-02,2024-02-06,976
CUST00457,4,74760.33,18690.0825,2024-03-09,2023-02-24,1323
CUST00458,6,85021.2,14170.199999999999,2024-08-31,2023-02-20,1327
CUST00459,5,58178.979999999996,11635.795999999998,2024-05-31,2023-05-19,1239
CUST00460,7,69014.08,9859.154285714287,2024-09-21,2023-04-05,1283
CUST00461,4,45380.66,11345.165,2024-05-10,2023-02-06,1341
CUST00462,9,100459.09999999999,11162.12222222222,2024-09-02,2023-03-15,1304
CUST00463,6,98250.33,16375.055,2024-11-17,2023-05-06,1252
CUST00464,2,5862.21,2931.105,2024-05-27,2024-01-29,984
CUST00465,5,53702.41,10740.482,2024-05-22,2023-01-14,1364
CUST00466,5,38232.15,7646.43,2024-05-28,2023-08-10,1156
CUST00467,5,69633.37999999999,13926.675999999998,2024-11-12,2023-05-14,1244
CUST00468,8,128780.97,16097.62125,2024-10-16,2023-04-28,1260
CUST00469,6,47492.78,7915.463333333333,2024-02-18,2023-03-06,1313
CUST00470,7,89960.48000000001,12851.497142857144,2023-11-29,2023-03-22,1297
CUST00471,4,24337.88,6084.47,2024-04-12,2023-02-13,1334
CUST00472,7,116587.55,16655.364285714288,2024-08-03,2023-04-01,1287
CUST00473,7,158681.8,22668.82857142857,2024-09-02,2023-02-19,1328
CUST00474,6,147349.19,24558.198333333334,2024-07-20,2023-01-12,1366
CUST00475,2,52211.4,26105.7,2023-05-31,2023-05-13,1245
CUST00476,7,115332.39,16476.055714285714,2024-11-26,2023-06-14,1213
CUST00477,5,60096.08,12019.216,2024-04-22,2023-07-14,1183
CUST00478,2,43293.0,21646.5,2024-06-13,2024-04-19,903
CUST00479,9,104844.84,11649.426666666666,2024-08-24,2023-03-13,1306
CUST00480,3,33205.86,11068.62,2023-11-25,2023-09-07,1128
CUST00481,6,64373.189999999995,10728.865,2024-10-05,2023-07-10,1187
CUST00482,4,100646.95999999999,25161.739999999998,2024-10-12,2024-06-16,845
CUST00483,5,31633.059999999998,6326.611999999999,2024-03-03,2023-02-26,1321
CUST00484,3,56132.21,18710.736666666668,2024-10-02,2023-05-02,1256
CUST00485,5,54918.1,10983.619999999999,2024-08-01,2023-09-16,1119
CUST00486,6,65572.45,10928.741666666667,2024-11-29,2023-04-07,1281
CUST00487,2,45348.95,22674.475,2024-08-11,2024-04-08,914
CUST00488,7,87364.12999999999,12480.589999999998,2024-09-13,2023-09-06,1129
CUST00489,4,55175.44,13793.86,2024-08-07,2023-01-06,1372
CUST00490,4,62889.55,15722.3875,2024-02-19,2023-05-28,1230
CUST00491,9,125615.87,13957.318888888889,2024-08-15,2023-02-14,1333
CUST00492,6,57883.21000000001,9647.201666666668,2024-05-18,2023-01-31,1347
CUST00493,4,67781.39,16945.3475,2024-05-18,2023-02-26,1321
CUST00494,2,41958.99,20979.495,2024-04-26,2024-02-12,970
CUST00495,5,83117.29,16623.458,2024-09-27,2023-03-20,1299
CUST00496,5,77254.49,15450.898000000001,2024-11-13,2023-04-04,1284
CUST00497,3,16360.66,5453.553333333333,2024-11-26,2023-04-10,1278
CUST00498,5,82367.31,16473.462,2024-09-01,2023-09-11,1124
CUST00499,5,66502.48999999999,13300.497999999998,2024-10-08,2023-08-14,1152
CUST00500,4,55759.88,13939.97,2024-07-17,2023-02-02,1345
CUST00501,7,84695.5,12099.357142857143,2025-05-16,2023-02-16,1331
CUST00502,3,26971.550000000003,8990.516666666668,2024-10-05,2023-01-12,1366
CUST00503,8,102791.78,12848.9725,2024-11-30,2023-01-18,1360
CUST00504,2,35579.369999999995,17789.684999999998,2024-12-01,2023-11-13,1061
CUST00505,7,101353.42,14479.06,2024-09-25,2023-05-12,1246
CUST00506,5,60044.92,12008.984,2024-10-10,2023-02-13,1334
CUST00507,3,29443.4,9814.466666666667,2024-05-18,2023-08-07,1159
CUST00508,4,70101.91,17525.4775,2024-10-12,2023-05-27,1231
CUST00509,3,96572.78,32190.926666666666,2024-10-29,2023-11-10,1064
CUST00510,4,53612.73,13403.1825,2024-09-13,2023-04-13,1275
CUST00511,1,11268.09,11268.09,2024-09-11,2024-09-11,758
CUST00512,11,161331.1,14666.463636363636,2024-10-21,2023-05-20,1238
CUST00513,4,72350.23,18087.5575,2024-05-30,2023-03-15,1304
CUST00514,3,59397.17,19799.056666666667,2023-09-22,2023-04-06,1282
CUST00515,10,128648.45,12864.845,2024-10-01,2023-01-01,1377
CUST00516,8,122253.09,15281.63625,2024-09-15,2023-01-22,1356
CUST00517,6,80319.92,13386.653333333334,2024-07-11,2023-04-11,1277
CUST00518,4,66698.93,16674.7325,2024-03-22,2023-03-27,1292
CUST00519,7,131732.39,18818.91285714286,2024-12-01,2024-01-11,1002
CUST00520,3,35081.08,11693.693333333335,2023-12-04,2023-07-09,1188
CUST00521,3,24979.35,8326.449999999999,2024-06-27,2023-06-10,1217
CUST00522,3,14937.8,4979.266666666666,2024-09-28,2023-04-08,1280
CUST00523,6,66315.71,11052.618333333334,2024-06-16,2023-02-01,1346
CUST00524,9,80912.88,8990.32,2024-11-18,2023-05-21,1237
CUST00525,4,41146.159999999996,10286.539999999999,2024-09-21,2023-08-04,1162
CUST00526,5,37477.08,7495.416,2024-11-14,2023-02-03,1344
CUST00527,7,60668.32,8666.902857142857,2024-11-14,2023-01-28,1350
CUST00528,3,29630.28,9876.76,2024-08-25,2023-04-13,1275
CUST00529,3,59139.18,19713.06,2024-10-22,2024-08-21,779
CUST00530,2,42381.54,21190.77,2024-08-12,2023-03-23,1296
CUST00531,5,81875.70000000001,16375.140000000003,2023-12-09,2023-02-02,1345
CUST00532,1,4244.48,4244.48,2023-02-26,2023-02-26,1321
CUST00533,4,78683.43,19670.8575,2024-12-01,2023-02-26,1321
CUST00534,1,9552.76,9552.76,2023-08-16,2023-08-16,1150
CUST00535,5,45374.58,9074.916000000001,2024-10-08,2023-03-25,1294
CUST00536,4,54770.21,13692.5525,2024-11-28,2023-01-27,1351
CUST00537,6,109432.9,18238.816666666666,2024-08-28,2023-02-06,1341
CUST00538,5,140340.30000000002,28068.060000000005,2024-10-08,2023-05-26,1232
CUST00539,4,53471.96,13367.99,2024-05-27,2023-05-16,1242
CUST00540,4,52094.11,13023.5275,2024-01-24,2023-03-12,1307
CUST00541,6,103882.08,17313.68,2024-09-25,2023-01-22,1356
CUST00542,5,36605.17,7321.034,2024-08-30,2023-01-07,1371
CUST00543,3,10607.13,3535.7099999999996,2023-12-18,2023-06-12,1215
CUST00544,7,97808.16,13972.594285714285,2024-07-23,2023-02-04,1343
CUST00545,2,44439.48,22219.74,2024-04-18,2024-01-09,1004
CUST00546,5,59457.2,11891.439999999999,2024-07-27,2023-05-06,1252
CUST00547,5,61079.68,12215.936,2023-08-01,2023-01-27,1351
CUST00548,3,23769.77,7923.256666666667,2024-05-04,2023-11-22,1052
CUST00549,2,34698.53,17349.265,2023-12-11,2023-10-08,1097
CUST00550,3,22154.340000000004,7384.780000000002,2024-09-04,2023-06-29,1198
CUST00551,6,89878.34,14979.723333333333,2024-11-08,2023-12-03,1041
CUST00552,8,113692.2,14211.525,2024-08-26,2023-11-22,1052
CUST00553,3,27930.04,9310.013333333334,2024-06-10,2023-01-06,1372
CUST00554,8,79806.81,9975.85125,2024-09-23,2023-02-09,1338
CUST00555,6,40564.36,6760.7266666666665,2024-09-15,2023-01-24,1354
CUST00556,4,37086.62,9271.655,2024-11-22,2023-04-01,1287
CUST00557,6,90909.73000000001,15151.621666666668,2024-05-06,2023-01-08,1370
CUST00558,6,89813.59,14968.931666666665,2024-10-28,2023-04-02,1286
CUST00559,4,20252.29,5063.0725,2024-09-30,2023-02-17,1330
CUST00560,5,76314.69,15262.938,2024-09-24,2023-01-22,1356
CUST00561,8,31877.079999999998,3984.6349999999998,2025-05-21,2023-01-12,1366
CUST00562,6,85296.03,14216.005,2024-11-05,2023-04-21,1267
CUST00563,4,32645.120000000003,8161.280000000001,2024-04-15,2023-01-31,1347
CUST00564,6,64296.44,10716.073333333334,2024-11-01,2023-03-12,1307
CUST00565,1,6883.09,6883.09,2024-05-30,2024-05-30,862
CUST00566,6,57232.62,9538.77,2023-12-24,2023-06-23,1204
CUST00567,10,157219.02000000002,15721.902000000002,2024-08-13,2023-03-21,1298
CUST00568,5,82463.37,16492.674,2024-11-05,2023-05-17,1241
CUST00569,7,59284.44,8469.205714285714,2024-10-29,2023-01-03,1375
CUST00570,5,113873.06999999999,22774.613999999998,2024-12-01,2024-01-26,987
CUST00571,10,149439.56,14943.956,2024-08-14,2023-02-10,1337
CUST00572,3,53481.759999999995,17827.25333333333,2024-05-03,2023-05-04,1254
CUST00573,4,52749.97,13187.4925,2024-02-22,2023-02-23,1324
CUST00574,6,80046.77,13341.128333333334,2024-07-31,2023-04-19,1269
CUST00575,4,39064.72,9766.18,2024-02-09,2023-04-08,1280
CUST00576,4,58957.03,14739.2575,2024-01-07,2023-03-09,1310
CUST00577,4,76303.54000000001,19075.885000000002,2024-09-11,2023-04-16,1272
CUST00578,6,65009.31999999999,10834.886666666665,2024-08-01,2023-02-08,1339
CUST00579,6,97436.37,16239.394999999999,2024-08-04,2023-04-13,1275
CUST00580,4,55478.4,13869.6,2024-06-26,2023-02-14,1333
CUST00581,4,91392.76999999999,22848.192499999997,2024-03-28,2023-07-20,1177
CUST00582,6,91515.42,15252.57,2024-09-14,2023-02-21,1326
CUST00583,6,56386.67,9397.778333333334,2024-02-10,2023-07-29,1168
CUST00584,6,48345.92,8057.653333333333,2024-09-20,2023-01-18,1360
CUST00585,5,51456.05,10291.210000000001,2024-09-05,2023-01-05,1373
CUST00586,7,126278.08,18039.725714285716,2024-07-29,2023-03-29,1290
CUST00587,3,38330.42,12776.806666666665,2024-09-24,2023-05-07,1251
CUST00588,3,46421.229999999996,15473.743333333332,2024-07-18,2024-05-26,866
CUST00589,3,43376.020000000004,14458.673333333334,2024-09-20,2023-12-11,1033
CUST00590,5,52105.060000000005,10421.012,2024-10-10,2023-02-10,1337
CUST00591,7,91494.76,13070.679999999998,2024-11-15,2023-07-07,1190
CUST00592,3,13175.22,4391.74,2024-11-13,2024-01-04,1009
CUST00593,4,27362.86,6840.715,2024-11-29,2023-10-11,1094
CUST00594,5,69526.42,13905.284,2024-11-25,2023-12-31,1013
CUST00595,7,86092.86,12298.98,2024-10-25,2023-01-31,1347
CUST00596,1,960.0,960.0,2024-01-17,2024-01-17,996
CUST00597,5,90036.01,18007.201999999997,2024-10-12,2023-06-09,1218
CUST00598,3,105899.18,35299.72666666666,2024-10-27,2023-02-09,1338
CUST00599,2,67556.89,33778.445,2023-08-01,2023-06-12,1215
CUST00600,2,34951.83,17475.915,2024-11-11,2024-02-05,977
CUST00601,5,72225.97,14445.194,2025-10-03,2023-01-21,1357
CUST00602,4,91560.45,22890.1125,2024-06-28,2023-05-22,1236
CUST00603,1,2640.6600000000003,2640.6600000000003,2023-09-14,2023-09-14,1121
CUST00604,7,147677.96000000002,21096.85142857143,2024-09-27,2023-07-13,1184
CUST00605,5,63519.31,12703.862,2024-11-15,2023-05-12,1246
CUST00606,5,49153.64,9830.728,2024-11-16,2023-05-12,1246
CUST00607,3,42549.74,14183.246666666666,2024-06-06,2023-08-24,1142
CUST00608,5,86284.17,17256.834,2024-07-05,2023-04-25,1263
CUST00609,5,45739.81,9147.962,2024-05-13,2023-01-10,1368
CUST00610,3,63878.240000000005,21292.74666666667,2024-10-31,2023-06-25,1202
CUST00612,3,12757.96,4252.653333333333,2024-09-17,2023-07-21,1176
CUST00613,5,103716.57,20743.314000000002,2024-01-08,2023-03-17,1302
CUST00614,6,33552.869999999995,5592.1449999999995,2024-05-21,2023-02-03,1344
CUST00615,4,58526.18,14631.545,2024-09-24,2023-03-17,1302
CUST00616,4,28783.73,7195.9325,2023-12-27,2023-04-08,1280
CUST00617,4,25372.77,6343.1925,2024-07-11,2023-05-04,1254
CUST00618,5,83252.2,16650.44,2024-03-05,2023-02-04,1343
CUST00619,5,44020.56,8804.112,2024-04-19,2023-01-04,1374
CUST00620,7,70658.53,10094.075714285715,2024-10-24,2023-01-07,1371
CUST00621,3,36380.28,12126.76,2024-09-12,2023-01-14,1364
CUST00622,6,105927.81,17654.635,2024-07-19,2023-05-11,1247
CUST00623,6,104377.48,17396.246666666666,2024-09-26,2023-03-21,1298
CUST00624,7,38366.729999999996,5480.961428571428,2024-09-22,2023-01-11,1367
CUST00625,6,47685.06,7947.509999999999,2024-08-25,2023-03-10,1309
CUST00626,5,81685.03,16337.006,2024-11-10,2023-01-02,1376
CUST00627,6,71748.36,11958.06,2024-08-25,2023-06-17,1210
CUST00628,5,87148.27,17429.654000000002,2024-07-24,2023-01-09,1369
CUST00629,4,74109.16,18527.29,2024-06-17,2023-05-08,1250
CUST00630,8,173728.25,21716.03125,2024-11-26,2023-07-20,1177
CUST00631,5,75723.53,15144.706,2024-09-26,2023-10-05,1100
CUST00632,3,50201.259999999995,16733.75333333333,2024-02-17,2023-04-06,1282
CUST00633,3,94469.35,31489.783333333336,2024-08-23,2023-08-09,1157
CUST00634,4,63226.72,15806.68,2024-03-21,2023-03-04,1315
CUST00635,9,75853.98999999999,8428.22111111111,2024-11-04,2023-06-13,1214
CUST00636,2,46470.31,23235.155,2024-01-07,2023-04-05,1283
CUST00637,6,91408.54,15234.756666666666,2024-11-24,2023-01-17,1361
CUST00638,4,27520.93,6880.2325,2024-05-19,2023-09-24,1111
CUST00639,4,58957.590000000004,14739.397500000001,2023-10-13,2023-01-09,1369
CUST00640,4,43200.24,10800.06,2024-03-28,2023-02-13,1334
CUST00641,6,62977.229999999996,10496.205,2024-10-14,2023-04-06,1282
CUST00642,1,2667.6800000000003,2667.6800000000003,2023-04-26,2023-04-26,1262
CUST00643,5,56199.17,11239.833999999999,2024-10-30,2023-01-07,1371
CUST00644,7,117464.15000000001,16780.59285714286,2024-11-09,2023-04-02,1286
CUST00645,6,132535.98,22089.33,2024-06-07,2023-03-18,1301
CUST00646,3,26666.73,8888.91,2024-04-29,2023-05-19,1239
CUST00647,5,28848.57,5769.714,2024-12-01,2024-06-11,850
CUST00648,8,187865.22,23483.1525,2024-04-10,2023-01-29,1349
CUST00649,3,29836.68,9945.56,2024-09-19,2024-02-01,981
CUST00650,1,10323.5,10323.5,2024-02-13,2024-02-13,969
CUST00651,2,19726.84,9863.42,2024-06-30,2024-04-05,917
CUST00652,5,31863.879999999997,6372.776,2024-11-26,2023-05-04,1254
CUST00653,2,13079.689999999999,6539.844999999999,2024-08-09,2023-09-12,1123
CUST00654,5,51333.619999999995,10266.723999999998,2024-02-19,2023-01-27,1351
CUST00655,15,259809.78999999998,17320.652666666665,2024-10-01,2023-01-01,1377
CUST00656,2,33875.16,16937.58,2024-03-25,2023-07-26,1171
CUST00657,7,89575.48000000001,12796.497142857144,2024-08-17,2023-04-16,1272
CUST00658,7,132950.22999999998,18992.889999999996,2024-08-11,2023-01-22,1356
CUST00659,2,35222.69,17611.345,2024-02-28,2024-01-05,1008
CUST00660,5,137654.6,27530.920000000002,2024-04-03,2023-01-14,1364
CUST00661,7,25588.72,3655.531428571429,2024-09-17,2023-01-09,1369
CUST00662,1,6584.83,6584.83,2024-07-22,2024-07-22,809
CUST00663,5,56547.01,11309.402,2024-08-12,2023-09-08,1127
CUST00664,6,78106.2,13017.699999999999,2024-06-25,2023-07-22,1175
CUST00665,8,56376.96,7047.12,2024-07-08,2023-02-04,1343
CUST00666,4,37361.72,9340.43,2024-01-14,2023-08-24,1142
CUST00667,13,127364.09999999999,9797.238461538462,2024-10-07,2023-02-17,1330
CUST00668,5,54839.64,10967.928,2024-11-29,2023-08-01,1165
CUST00669,3,27002.17,9000.723333333333,2024-03-05,2023-01-01,1377
CUST00670,8,104051.74,13006.4675,2024-09-29,2023-01-20,1358
CUST00671,4,28398.44,7099.61,2024-11-16,2023-05-14,1244
CUST00672,8,145078.09,18134.76125,2024-11-29,2023-08-01,1165
CUST00673,5,57145.01,11429.002,2024-11-01,2023-05-14,1244
CUST00674,4,47336.83,11834.2075,2024-11-09,2023-05-22,1236
CUST00675,5,79066.64,15813.328,2024-11-27,2024-02-20,962
CUST00676,10,125449.46,12544.946,2024-11-29,2023-01-11,1367
CUST00677,6,50475.75,8412.625,2025-07-25,2023-03-26,1293
CUST00678,5,91764.49,18352.898,2024-08-13,2023-04-27,1261
CUST00679,6,84498.38,14083.063333333334,2024-08-16,2023-01-17,1361
CUST00680,4,18492.58,4623.145,2024-09-06,2023-09-04,1131
CUST00681,5,121096.88,24219.376,2024-07-16,2023-04-07,1281
CUST00682,2,29158.629999999997,14579.314999999999,2023-10-08,2023-04-14,1274
CUST00683,10,130061.12,13006.112,2024-07-31,2023-02-07,1340
CUST00684,5,67713.85,13542.77,2024-10-20,2023-05-30,1228
CUST00685,7,91676.52,13096.645714285714,2024-08-22,2023-05-01,1257
CUST00686,6,112962.53,18827.088333333333,2024-11-12,2023-02-21,1326
CUST00687,6,35098.65,5849.775000000001,2024-08-29,2023-04-14,1274
CUST00688,5,125251.34,25050.268,2024-10-29,2023-02-26,1321
CUST00689,3,20023.149999999998,6674.383333333332,2024-08-17,2023-03-09,1310
CUST00690,4,61438.9,15359.725,2024-10-23,2024-01-19,994
CUST00691,6,145865.3,24310.88333333333,2024-05-24,2023-02-25,1322
CUST00692,8,66567.68,8320.96,2024-09-09,2023-01-20,1358
CUST00693,2,13992.93,6996.465,2024-04-10,2024-03-26,927
CUST00694,5,51973.37,10394.674,2024-03-18,2023-01-19,1359
CUST00695,3,52980.11,17660.036666666667,2024-06-20,2023-07-08,1189
CUST00696,8,128098.22,16012.2775,2024-11-17,2023-04-13,1275
CUST00697,6,72020.77,12003.461666666668,2024-07-21,2023-04-20,1268
CUST00698,7,124148.96,17735.565714285716,2024-05-31,2023-03-10,1309
CUST00699,3,41927.619999999995,13975.873333333331,2024-09-15,2023-01-03,1375
CUST00700,9,190736.03,21192.89222222222,2024-11-29,2023-04-18,1270
CUST00701,3,11980.119999999999,3993.373333333333,2024-06-03,2023-07-23,1174
CUST00702,6,59821.229999999996,9970.205,2024-11-11,2023-02-21,1326
CUST00703,9,170071.86000000002,18896.873333333337,2024-11-26,2023-01-05,1373
CUST00704,7,85482.06,12211.722857142857,2024-10-15,2023-01-11,1367
CUST00705,5,65335.259999999995,13067.052,2024-04-08,2023-09-08,1127
CUST00706,4,57841.4,14460.35,2024-03-12,2023-03-27,1292
CUST00707,5,57034.72,11406.944,2024-12-01,2023-04-13,1275
CUST00708,5,86705.12,17341.023999999998,2024-12-28,2023-01-04,1374
CUST00709,4,64205.11,16051.2775,2024-01-06,2023-02-03,1344
CUST00710,2,32599.29,16299.645,2023-11-19,2023-03-27,1292
CUST00711,3,60410.759999999995,20136.92,2024-07-25,2024-06-11,850
CUST00712,4,28457.620000000003,7114.405000000001,2024-07-19,2023-04-08,1280
CUST00713,4,32055.809999999998,8013.952499999999,2024-01-13,2023-02-12,1335
CUST00714,8,115349.78,14418.7225,2024-09-30,2023-02-13,1334
CUST00715,7,78895.84,11270.834285714285,2025-08-12,2023-01-08,1370
CUST00716,2,55366.57000000001,27683.285000000003,2024-09-11,2023-11-22,1052
CUST00717,8,117190.86,14648.8575,2024-11-29,2023-06-17,1210
CUST00718,2,19327.2,9663.6,2024-10-10,2024-04-13,909
CUST00719,5,66020.79000000001,13204.158000000001,2024-08-28,2023-08-23,1143
CUST00720,5,71658.84,14331.768,2024-08-11,2023-08-04,1162
CUST00721,9,80167.52,8907.502222222223,2024-11-19,2023-05-11,1247
CUST00722,4,80562.83,20140.7075,2024-03-30,2023-08-09,1157
CUST00723,2,7421.92,3710.96,2024-03-22,2023-10-04,1101
CUST00724,7,79745.65,11392.235714285713,2024-08-30,2023-03-19,1300
CUST00725,4,73075.74,18268.935,2024-11-15,2023-05-20,1238
CUST00726,4,35540.32,8885.08,2024-05-14,2023-02-24,1323
CUST00727,7,83737.22,11962.460000000001,2024-12-01,2023-02-10,1337
CUST00728,7,153112.44,21873.205714285716,2024-10-19,2023-03-05,1314
CUST00729,5,106329.97,21265.994,2024-07-24,2023-07-11,1186
CUST00730,3,16155.71,5385.236666666667,2024-04-18,2023-05-24,1234
CUST00731,6,103949.84999999999,17324.975,2024-09-23,2023-01-17,1361
CUST00732,4,50518.52,12629.63,2024-10-27,2023-07-15,1182
CUST00733,6,94340.73,15723.455,2024-11-28,2023-05-04,1254
CUST00734,3,55077.24,18359.079999999998,2024-11-30,2023-03-31,1288
CUST00735,6,115648.36,19274.726666666666,2024-01-31,2023-01-20,1358
CUST00736,5,93168.69,18633.738,2024-03-16,2023-02-12,1335
CUST00737,10,175932.11,17593.211,2024-11-24,2023-01-14,1364
CUST00738,3,33426.38,11142.126666666665,2024-10-28,2023-01-17,1361
CUST00739,7,73485.92,10497.988571428572,2024-07-04,2023-07-11,1186
CUST00740,3,12422.48,4140.826666666667,2024-05-18,2023-03-06,1313
CUST00741,11,126879.31,11534.482727272727,2024-09-16,2023-03-22,1297
CUST00742,1,12734.699999999999,12734.699999999999,2023-03-22,2023-03-22,1297
CUST00743,3,37591.93,12530.643333333333,2024-07-26,2023-11-07,1067
CUST00744,7,146355.28,20907.897142857142,2024-11-01,2023-01-29,1349
CUST00745,7,128416.53,18345.21857142857,2024-10-27,2023-01-13,1365
CUST00746,9,141889.58,15765.508888888888,2024-11-28,2023-01-09,1369
CUST00747,4,39506.81,9876.7025,2024-09-19,2024-08-21,779
CUST00748,5,66851.5,13370.3,2024-11-21,2023-03-23,1296
CUST00749,5,61485.84,12297.168,2024-11-07,2023-07-18,1179
CUST00750,3,24303.79,8101.263333333333,2024-01-31,2023-06-26,1201
CUST00752,4,88295.86,22073.965,2023-10-16,2023-04-24,1264
CUST00753,7,116697.91,16671.13,2024-08-28,2023-01-11,1367
CUST00754,4,69381.61,17345.4025,2024-08-24,2023-08-05,1161
CUST00755,4,67256.72,16814.18,2024-08-07,2023-01-10,1368
CUST00756,3,66490.83,22163.61,2024-03-31,2023-03-24,1295
CUST00757,4,84937.59,21234.3975,2024-11-10,2023-05-19,1239
CUST00758,8,58383.0,7297.875,2024-09-28,2023-06-02,1225
CUST00759,5,95276.66,19055.332000000002,2024-08-07,2023-01-17,1361
CUST00760,6,85145.75,14190.958333333334,2024-07-27,2023-03-29,1290
CUST00761,5,74689.59,14937.918,2024-11-13,2023-01-16,1362
CUST00762,3,51666.17999999999,17222.059999999998,2024-07-23,2023-04-13,1275
CUST00763,4,48396.329999999994,12099.082499999999,2024-10-05,2023-01-13,1365
CUST00764,6,94623.36,15770.56,2024-09-06,2023-02-08,1339
CUST00765,3,62637.119999999995,20879.039999999997,2024-05-12,2023-04-06,1282
CUST00766,4,47424.85,11856.2125,2024-05-26,2023-09-28,1107
CUST00767,5,70837.29000000001,14167.458000000002,2024-11-28,2023-01-21,1357
CUST00768,6,95549.26,15924.876666666665,2024-08-19,2023-04-23,1265
CUST00769,5,67871.85,13574.37,2024-11-08,2023-05-28,1230
CUST00770,4,44272.81,11068.2025,2024-10-16,2023-12-27,1017
CUST00771,4,41018.91,10254.7275,2024-10-18,2023-07-10,1187
CUST00772,6,103203.10999999999,17200.51833333333,2024-09-27,2023-03-23,1296
CUST00773,8,78604.81,9825.60125,2024-11-24,2023-07-26,1171
CUST00774,6,81599.97,13599.995,2025-03-08,2023-05-28,1230
CUST00775,9,187144.49000000002,20793.832222222223,2024-10-04,2023-10-26,1079
CUST00776,5,69220.79000000001,13844.158000000001,2024-11-15,2023-02-11,1336
CUST00777,9,126828.41,14092.045555555556,2024-07-15,2023-02-09,1338
CUST00778,6,95194.91,15865.818333333335,2024-07-20,2023-07-24,1173
CUST00779,11,122333.93,11121.266363636363,2024-10-14,2023-01-02,1376
CUST00780,3,27576.27,9192.09,2024-06-16,2023-04-22,1266
CUST00781,7,90509.89,12929.984285714285,2024-10-09,2023-04-19,1269
CUST00782,5,59812.98,11962.596000000001,2024-09-10,2023-04-27,1261
CUST00783,2,11946.570000000002,5973.285000000001,2024-05-28,2023-03-06,1313
CUST00784,5,42164.1,8432.82,2024-04-01,2023-04-10,1278
CUST00785,5,21281.989999999998,4256.397999999999,2024-11-29,2023-08-16,1150
CUST00786,3,47830.369999999995,15943.456666666665,2024-10-01,2023-04-19,1269
CUST00787,6,62103.619999999995,10350.603333333333,2024-11-21,2023-03-04,1315
CUST00788,4,45825.4,11456.35,2024-06-10,2023-01-02,1376
CUST00789,4,42998.73,10749.6825,2024-09-11,2023-01-23,1355
CUST00790,5,75799.19,15159.838,2024-10-19,2023-11-20,1054
CUST00791,6,49522.57000000001,8253.761666666667,2024-11-11,2023-01-18,1360
CUST00792,5,85641.57,17128.314000000002,2025-05-14,2023-04-02,1286
CUST00793,5,104509.87,20901.974,2024-11-22,2023-05-12,1246
CUST00794,5,100070.5,20014.1,2024-06-04,2023-04-24,1264
CUST00795,4,21353.53,5338.3825,2023-05-08,2023-01-18,1360
CUST00796,3,39940.770000000004,13313.590000000002,2024-09-01,2023-01-16,1362
CUST00797,2,18174.48,9087.24,2024-03-31,2024-03-29,924
CUST00798,6,129180.13,21530.021666666667,2024-10-26,2023-02-17,1330
CUST00799,5,77429.88,15485.976,2024-07-05,2023-03-08,1311
CUST00800,4,63615.530000000006,15903.882500000002,2024-06-13,2023-01-18,1360
CUST00801,5,85421.35,17084.27,2024-08-11,2023-03-04,1315
CUST00802,5,53846.05,10769.210000000001,2024-08-29,2023-05-07,1251
CUST00803,8,101214.49,12651.81125,2024-11-18,2023-09-18,1117
CUST00804,4,64446.31,16111.5775,2024-07-06,2023-02-07,1340
CUST00805,6,53087.21,8847.868333333334,2024-11-10,2023-04-25,1263
CUST00806,2,15257.27,7628.635,2024-11-26,2024-07-26,805
CUST00807,4,47037.69,11759.4225,2024-03-15,2023-06-22,1205
CUST00808,7,72555.09,10365.012857142856,2024-10-24,2023-06-05,1222
CUST00809,5,72209.88,14441.976,2024-09-13,2023-01-22,1356
CUST00810,6,118480.75,19746.791666666668,2024-11-23,2023-01-12,1366
CUST00811,6,84778.81,14129.801666666666,2024-09-14,2023-03-16,1303
CUST00812,6,117874.8,19645.8,2024-11-01,2023-04-22,1266
CUST00813,8,114699.16,14337.395,2024-10-26,2023-04-09,1279
CUST00814,3,71660.72,23886.906666666666,2024-01-19,2023-01-29,1349
CUST00815,4,40292.11,10073.0275,2024-08-15,2023-07-02,1195
CUST00816,5,42036.4,8407.28,2024-05-16,2023-02-21,1326
CUST00817,4,26271.61,6567.9025,2024-09-17,2023-02-28,1319
CUST00818,7,140220.76,20031.537142857145,2024-06-05,2023-02-06,1341
CUST00819,3,48467.16,16155.720000000001,2024-07-10,2023-03-16,1303
CUST00820,5,61585.03,12317.006,2024-05-31,2023-02-18,1329
CUST00821,3,43120.03,14373.343333333332,2024-11-30,2023-10-25,1080
CUST00822,8,117159.94,14644.9925,2024-09-13,2023-05-11,1247
CUST00823,3,90434.57,30144.85666666667,2024-10-07,2023-12-29,1015
CUST00824,7,86204.15,12314.878571428571,2024-11-18,2023-02-25,1322
CUST00825,3,13906.46,4635.486666666667,2024-09-24,2023-03-15,1304
CUST00826,8,113011.84,14126.48,2024-01-13,2023-01-05,1373
CUST00827,6,86865.78,14477.63,2024-09-29,2023-02-18,1329
CUST00828,4,93172.44,23293.11,2024-08-21,2024-07-03,828
CUST00829,1,63572.56,63572.56,2023-01-31,2023-01-31,1347
CUST00830,9,130442.76000000001,14493.640000000001,2024-11-10,2023-04-05,1283
CUST00831,6,54138.92,9023.153333333334,2024-11-26,2023-06-30,1197
CUST00832,4,26014.38,6503.595,2024-08-23,2023-01-30,1348
CUST00833,5,18049.61,3609.922,2024-06-09,2023-03-21,1298
CUST00834,7,65618.31,9374.044285714286,2024-07-30,2023-01-25,1353
CUST00835,7,51559.649999999994,7365.664285714285,2024-06-29,2023-01-04,1374
CUST00836,5,80125.69,16025.138,2024-10-10,2023-09-22,1113
CUST00837,5,100630.25,20126.05,2024-09-01,2023-05-23,1235
CUST00838,4,105016.96,26254.24,2024-09-18,2024-04-29,893
CUST00839,7,171766.09999999998,24538.014285714282,2024-06-19,2023-01-15,1363
CUST00840,3,47216.350000000006,15738.783333333335,2024-12-01,2023-01-31,1347
CUST00841,6,78644.37999999999,13107.396666666666,2024-08-20,2023-02-24,1323
CUST00842,5,85565.26000000001,17113.052000000003,2024-09-22,2023-01-28,1350
CUST00843,4,13481.36,3370.34,2024-07-27,2023-06-17,1210
CUST00844,6,108334.84000000001,18055.806666666667,2024-01-15,2023-04-20,1268
CUST00845,7,128139.62,18305.66,2024-10-26,2023-01-03,1375
CUST00846,2,45327.34,22663.67,2023-09-03,2023-02-16,1331
CUST00847,6,85206.3,14201.050000000001,2024-04-23,2023-03-20,1299
CUST00848,7,84585.42,12083.631428571429,2024-11-26,2023-02-19,1328
CUST00849,4,46774.229999999996,11693.557499999999,2024-10-08,2023-01-11,1367
CUST00850,5,66174.18,13234.836,2024-10-07,2023-07-18,1179
CUST00851,5,85751.51,17150.302,2024-11-19,2023-05-10,1248
CUST00852,13,163741.61000000002,12595.508461538462,2024-10-09,2023-02-19,1328
CUST00853,5,75497.83,15099.566,2024-09-09,2023-02-01,1346
CUST00854,7,120561.95999999999,17223.13714285714,2024-10-10,2023-02-08,1339
CUST00855,5,113502.7,22700.54,2024-05-22,2023-09-29,1106
CUST00857,4,23072.89,5768.2225,2024-09-22,2023-05-21,1237
CUST00858,7,109369.73,15624.247142857143,2024-05-12,2023-01-05,1373
CUST00859,4,105711.83,26427.9575,2024-08-27,2023-11-04,1070
CUST00860,6,63031.08,10505.18,2024-03-08,2023-02-21,1326
CUST00861,4,82521.26999999999,20630.317499999997,2024-08-19,2023-05-31,1227
CUST00862,2,63905.7,31952.85,2023-10-21,2023-03-27,1292
CUST00863,8,120232.59,15029.07375,2024-02-20,2023-01-09,1369
CUST00864,4,71919.20999999999,17979.802499999998,2024-11-28,2023-06-08,1219
CUST00865,4,44084.34,11021.085,2024-07-02,2023-05-26,1232
CUST00866,5,46930.600000000006,9386.12,2024-04-06,2023-03-08,1311
CUST00867,4,56945.4,14236.35,2024-11-05,2023-08-06,1160
CUST00868,6,117406.16999999998,19567.694999999996,2024-11-09,2023-01-12,1366
CUST00869,7,95117.3,13588.185714285715,2024-04-08,2023-04-12,1276
CUST00870,7,69797.86,9971.122857142856,2024-09-06,2023-05-25,1233
CUST00871,7,67850.91,9692.987142857144,2024-11-12,2023-03-10,1309
CUST00872,9,197197.33,21910.814444444444,2024-09-03,2023-01-29,1349
CUST00873,4,30933.63,7733.4075,2024-11-29,2023-06-25,1202
CUST00874,4,42398.32,10599.58,2024-07-24,2023-05-09,1249
CUST00875,6,97442.20999999999,16240.368333333332,2024-09-02,2023-05-14,1244
CUST00876,3,33790.77,11263.589999999998,2024-08-09,2023-01-29,1349
CUST00877,5,43484.82,8696.964,2024-08-19,2023-07-03,1194
CUST00878,4,41717.590000000004,10429.397500000001,2024-10-29,2023-01-21,1357
CUST00879,8,133548.2,16693.525,2024-10-28,2023-02-04,1343
CUST00881,7,83001.26,11857.322857142857,2024-07-08,2023-01-15,1363
CUST00882,6,96078.82,16013.136666666667,2024-08-02,2023-01-10,1368
CUST00883,6,97095.27,16182.545,2024-08-14,2023-06-04,1223
CUST00884,4,36379.87,9094.9675,2023-10-07,2023-04-08,1280
CUST00885,6,100746.37,16791.061666666665,2024-06-20,2023-04-30,1258
CUST00886,4,55747.15,13936.7875,2024-11-29,2023-03-09,1310
CUST00887,5,83517.69,16703.538,2024-06-21,2023-06-08,1219
CUST00888,7,145167.1,20738.157142857144,2024-09-11,2023-01-03,1375
CUST00889,3,35537.56,11845.853333333333,2024-11-18,2023-07-30,1167
CUST00890,3,66470.83,22156.943333333333,2024-04-19,2023-11-30,1044
CUST00891,3,14623.460000000001,4874.486666666667,2024-11-19,2023-08-19,1147
CUST00892,6,148002.02,24667.00333333333,2024-11-14,2023-02-04,1343
CUST00893,6,160666.06,26777.676666666666,2024-01-01,2023-01-04,1374
CUST00894,5,56787.38,11357.475999999999,2024-09-14,2024-01-21,992
CUST00895,2,734.26,367.13,2023-05-10,2023-01-26,1352
CUST00896,9,107155.51,11906.167777777777,2024-10-14,2023-04-04,1284
CUST00897,4,58059.62,14514.905,2024-08-09,2023-08-13,1153
CUST00898,3,32947.29,10982.43,2024-09-14,2023-12-23,1021
CUST00899,4,46829.53,11707.3825,2023-10-26,2023-02-07,1340
CUST00900,5,62836.12,12567.224,2024-10-24,2023-11-29,1045
CUST00901,4,36688.28,9172.07,2024-09-07,2024-04-24,898
CUST00902,3,55003.23999999999,18334.41333333333,2023-10-12,2023-02-27,1320
CUST00903,1,12133.779999999999,12133.779999999999,2024-08-18,2024-08-18,782
CUST00904,9,194860.73,21651.192222222224,2024-07-07,2023-01-07,1371
CUST00905,6,54307.12,9051.186666666666,2024-09-11,2023-10-06,1099
CUST00906,3,47256.32,15752.106666666667,2024-09-06,2023-02-13,1334
CUST00907,3,45646.32,15215.44,2024-10-21,2023-02-09,1338
CUST00908,4,68909.12,17227.28,2024-08-06,2023-06-06,1221
CUST00909,3,40526.52,13508.839999999998,2024-05-27,2023-08-01,1165
CUST00910,4,39546.92,9886.73,2024-08-18,2023-11-12,1062
CUST00911,6,57296.33,9549.388333333334,2025-03-18,2023-10-01,1104
CUST00912,4,56183.130000000005,14045.782500000001,2024-11-16,2023-01-27,1351
CUST00913,4,33151.6,8287.9,2024-10-12,2024-02-03,979
CUST00914,9,152318.09,16924.23222222222,2024-11-14,2023-04-11,1277
CUST00915,7,82191.66,11741.665714285715,2024-09-15,2023-08-12,1154
CUST00916,11,265865.13,24169.557272727274,2024-09-10,2023-01-09,1369
CUST00917,4,79766.79999999999,19941.699999999997,2024-10-17,2023-09-15,1120
CUST00918,4,62049.84,15512.46,2024-04-26,2023-02-22,1325
CUST00919,4,28910.489999999998,7227.6224999999995,2024-10-24,2023-09-19,1116
CUST00920,11,52111.44,4737.403636363637,2024-11-14,2023-01-19,1359
CUST00921,3,14906.93,4968.9766666666665,2024-08-01,2023-10-25,1080
CUST00922,6,108618.58,18103.096666666668,2024-11-20,2023-06-21,1206
CUST00923,4,101546.23,25386.5575,2024-11-19,2024-02-11,971
CUST00924,4,28915.56,7228.89,2024-09-08,2023-05-18,1240
CUST00925,6,28475.800000000003,4745.966666666667,2024-05-24,2023-11-20,1054
CUST00926,2,54238.07,27119.035,2024-07-24,2024-07-08,823
CUST00927,1,3884.18,3884.18,2024-01-09,2024-01-09,1004
CUST00928,1,60426.57,60426.57,2023-11-03,2023-11-03,1071
CUST00929,3,33397.29,11132.43,2024-11-13,2024-05-11,881
CUST00930,4,44825.79,11206.4475,2024-11-30,2023-04-04,1284
CUST00931,3,26657.47,8885.823333333334,2024-12-01,2023-05-07,1251
CUST00932,3,13539.77,4513.256666666667,2024-06-07,2023-05-21,1237
CUST00933,6,67575.23999999999,11262.539999999999,2024-09-20,2023-06-04,1223
CUST00934,4,35590.22,8897.555,2024-07-31,2023-01-11,1367
CUST00935,5,55868.85,11173.77,2024-06-15,2023-01-25,1353
CUST00936,6,101130.23000000001,16855.038333333334,2024-11-13,2023-04-23,1265
CUST00937,2,14474.989999999998,7237.494999999999,2023-10-01,2023-06-28,1199
CUST00938,5,82493.94,16498.788,2024-07-23,2023-01-08,1370
CUST00939,2,26789.57,13394.785,2024-11-02,2023-09-17,1118
CUST00940,4,65870.17,16467.5425,2024-07-19,2023-01-25,1353
CUST00941,7,113032.31999999999,16147.474285714285,2024-09-25,2023-03-27,1292
CUST00942,3,33539.520000000004,11179.840000000002,2024-01-28,2023-06-13,1214
CUST00943,7,76869.75,10981.392857142857,2024-10-20,2023-01-12,1366
CUST00944,9,65935.93,7326.214444444444,2024-08-17,2023-01-15,1363
CUST00945,5,74149.81,14829.962,2024-09-02,2023-02-02,1345
CUST00946,8,120645.48000000001,15080.685000000001,2024-07-27,2023-03-26,1293
CUST00947,5,81470.4,16294.079999999998,2024-02-14,2023-02-06,1341
CUST00948,4,35449.31,8862.3275,2024-02-09,2023-01-29,1349
CUST00949,7,44879.21,6411.315714285714,2024-09-17,2023-06-06,1221
CUST00950,1,32251.910000000003,32251.910000000003,2024-11-18,2024-11-18,690
CUST00951,10,130946.91,13094.691,2024-11-06,2023-03-25,1294
CUST00952,2,51823.77,25911.885,2024-11-09,2024-06-12,849
CUST00953,2,25132.690000000002,12566.345000000001,2024-10-16,2024-06-15,846
CUST00954,4,30607.03,7651.7575,2024-08-14,2023-01-03,1375
CUST00955,6,57230.310000000005,9538.385,2024-11-09,2023-05-26,1232
CUST00956,5,51186.619999999995,10237.323999999999,2024-07-15,2023-12-18,1026
CUST00957,5,42547.479999999996,8509.496,2024-11-11,2023-02-27,1320
CUST00958,5,80605.37000000001,16121.074000000002,2024-03-10,2023-07-06,1191
CUST00959,2,55916.39,27958.195,2023-09-10,2023-04-13,1275
CUST00960,3,30595.14,10198.38,2024-11-10,2024-04-16,906
CUST00961,3,26329.870000000003,8776.623333333335,2024-10-26,2023-02-01,1346
CUST00962,7,134495.32,19213.617142857143,2024-04-19,2023-01-04,1374
CUST00963,10,98318.77,9831.877,2024-11-08,2023-01-21,1357
CUST00964,5,114498.87000000001,22899.774,2024-08-10,2023-07-15,1182
CUST00965,3,30915.43,10305.143333333333,2025-02-02,2023-07-25,1172
CUST00966,7,128959.75,18422.821428571428,2024-10-30,2023-01-23,1355
CUST00967,4,53737.11,13434.2775,2024-10-18,2023-06-10,1217
CUST00968,3,49995.47,16665.156666666666,2024-05-29,2023-11-11,1063
CUST00969,8,139601.66,17450.2075,2024-10-31,2023-02-19,1328
CUST00970,9,117187.95000000001,13020.883333333335,2024-11-20,2023-02-26,1321
CUST00971,6,71360.07,11893.345000000001,2024-10-08,2023-06-13,1214
CUST00972,4,74671.17,18667.7925,2024-09-13,2024-03-14,939
CUST00973,3,20824.420000000002,6941.473333333334,2024-06-30,2023-12-13,1031
CUST00974,3,25958.02,8652.673333333334,2024-08-29,2023-04-13,1275
CUST00975,4,78823.59,19705.8975,2024-09-13,2023-08-16,1150
CUST00976,9,109774.02,12197.113333333335,2024-05-07,2023-08-20,1146
CUST00977,1,10649.19,10649.19,2024-06-27,2024-06-27,834
CUST00978,6,104706.76000000001,17451.126666666667,2024-11-29,2023-03-08,1311
CUST00979,7,57241.74,8177.391428571428,2024-08-07,2023-04-18,1270
CUST00980,5,44800.81,8960.162,2024-10-11,2023-01-14,1364
CUST00981,4,6597.42,1649.355,2024-10-22,2023-07-25,1172
CUST00982,5,105907.07,21181.414,2024-06-03,2023-06-02,1225
CUST00983,8,189493.11000000002,23686.638750000002,2024-09-09,2023-02-02,1345
CUST00984,1,7003.950000000001,7003.950000000001,2023-10-17,2023-10-17,1088
CUST00985,6,89073.86,14845.643333333333,2024-08-02,2023-06-19,1208
CUST00986,2,33661.8,16830.9,2023-06-17,2023-01-29,1349
CUST00987,6,78494.63,13082.438333333334,2024-09-29,2023-04-17,1271
CUST00988,2,25225.93,12612.965,2024-08-07,2024-03-21,932
CUST00989,4,53429.42,13357.355,2024-08-20,2023-11-15,1059
CUST00990,3,29853.189999999995,9951.063333333332,2024-05-03,2023-03-05,1314
CUST00991,10,176735.54,17673.554,2024-09-17,2023-02-26,1321
CUST00992,7,84058.22,12008.317142857142,2024-05-28,2023-01-10,1368
CUST00993,9,93242.03,10360.225555555555,2024-10-13,2023-04-03,1285
CUST00994,6,30503.03,5083.838333333333,2024-09-22,2023-06-17,1210
CUST00995,10,112544.29000000001,11254.429,2024-11-12,2023-03-10,1309
CUST00996,9,89534.82,9948.313333333334,2024-10-05,2023-05-04,1254
CUST00997,5,58832.84,11766.568,2024-08-12,2023-01-01,1377
CUST00998,3,40254.38,13418.126666666665,2024-05-06,2023-06-28,1199
CUST00999,3,73601.54999999999,24533.849999999995,2024-05-16,2023-10-01,1104
CUST01000,7,65805.66,9400.808571428572,2024-10-22,2023-06-04,1223
