,order_id,customer_id,order_date,region_id,status,shipping_address,order_total,order_month,amount_paid,payment_gap
11,ORD000012,CUST00209,2024-01-14,5,Returned,"Address 456, City 17",4762.41,2024-01,4907.02,-144.61000000000058
15,ORD000016,CUST00344,2024-06-03,5,Pending,"Address 796, City 3",8153.69,2024-06,7908.32,245.3699999999999
17,ORD000018,CUST00677,2025-07-25,1,Pending,"Address 141, City 19",6309.81,2025-07,5494.06,815.75
83,ORD000084,CUST00015,2024-06-12,7,Pending,"Address 67, City 7",7318.76,2024-06,7566.03,-247.26999999999953
88,ORD000089,CUST00808,2023-06-23,1,Delivered,"Address 899, City 8",7172.78,2023-06,6218.68,954.0999999999995
126,ORD000127,CUST00333,2024-04-02,5,Returned,"Address 750, City 2",3164.97,2024-04,3009.32,155.64999999999964
146,ORD000147,CUST00972,2024-09-13,2,Shipped,"Address 114, City 19",32321.65,2024-09,36713.19,-4391.540000000001
157,ORD000158,CUST00484,2023-06-29,4,Delivered,"Address 32, City 7",32835.799999999996,2023-06,30588.05,2247.7499999999964
170,ORD000171,CUST00968,2023-11-11,3,Delivered,"Address 451, City 10",25907.190000000002,2023-11,26834.74,-927.5499999999993
232,ORD000233,CUST00370,2023-12-30,5,Cancelled,"Address 668, City 10",5145.24,2023-12,4835.06,310.1799999999994
253,ORD000254,CUST00350,2023-09-19,8,Cancelled,"Address 685, City 11",12554.97,2023-09,10698.91,1856.0599999999995
259,ORD000260,CUST00820,2023-02-18,9,Shipped,"Address 544, City 6",3002.04,2023-02,2813.48,188.55999999999995
265,ORD000266,CUST00401,2023-09-06,3,Cancelled,"Address 255, City 12",6055.62,2023-09,5303.45,752.1700000000001
286,ORD000287,CUST00361,2023-12-08,10,Shipped,"Address 314, City 4",15018.240000000002,2023-12,17110.21,-2091.9699999999975
294,ORD000295,CUST00159,2024-07-15,5,Shipped,"Address 225, City 8",19070.33,2024-07,20812.21,-1741.8799999999974
312,ORD000313,CUST00391,2024-02-22,8,Delivered,"Address 319, City 12",19411.09,2024-02,18500.67,910.4200000000019
329,ORD000330,CUST00503,2023-03-26,1,Delivered,"Address 625, City 13",11973.51,2023-03,13609.33,-1635.8199999999997
361,ORD000362,CUST00904,2023-09-21,3,Completed,"Address 308, City 5",24742.7,2023-09,21899.5,2843.2000000000007
382,ORD000383,CUST00182,2023-03-12,3,Pending,"Address 154, City 4",5285.280000000001,2023-03,5202.1,83.18000000000029
400,ORD000401,CUST00520,2023-07-09,1,Shipped,"Address 900, City 18",22293.620000000003,2023-07,21835.56,458.0600000000013
426,ORD000427,CUST00069,2023-09-30,8,Shipped,"Address 283, City 5",16547.18,2023-09,15580.91,966.2700000000004
445,ORD000446,CUST00328,2024-05-27,6,Pending,"Address 20, City 17",8411.14,2024-05,7374.91,1036.2299999999996
475,ORD000476,CUST00352,2023-02-13,9,Pending,"Address 350, City 18",198.83,2023-02,220.7,-21.869999999999976
480,ORD000481,CUST00960,2024-07-15,7,Cancelled,"Address 360, City 14",4268.02,2024-07,4819.23,-551.2099999999991
491,ORD000492,CUST00252,2023-03-26,2,Pending,"Address 619, City 16",23098.86,2023-03,20914.72,2184.1399999999994
529,ORD000530,CUST00004,2024-02-07,2,Delivered,"Address 466, City 18",28963.23,2024-02,31030.78,-2067.5499999999993
545,ORD000546,CUST00382,2023-07-30,3,Returned,"Address 700, City 13",537.65,2023-07,517.65,20.0
562,ORD000563,CUST00069,2023-02-13,7,Delivered,"Address 819, City 16",3816.19,2023-02,4012.22,-196.02999999999975
571,ORD000572,CUST00426,2023-05-14,1,Shipped,"Address 945, City 4",9197.85,2023-05,8706.18,491.6700000000001
573,ORD000574,CUST00613,2023-03-21,5,Returned,"Address 42, City 16",27698.85,2023-03,25815.07,1883.7799999999988
582,ORD000583,CUST00561,2025-03-13,10,Shipped,"Address 68, City 6",7256.78,2025-03,8019.76,-762.9800000000005
602,ORD000603,CUST00873,2024-09-12,5,Pending,"Address 509, City 20",7048.46,2024-09,6555.07,493.3900000000003
607,ORD000608,CUST00741,2023-06-02,2,Delivered,"Address 594, City 8",7246.84,2023-06,6410.08,836.7600000000002
609,ORD000610,CUST00310,2024-08-24,4,Pending,"Address 161, City 13",4245.59,2024-08,4508.36,-262.7699999999995
623,ORD000624,CUST00975,2023-08-16,8,Completed,"Address 982, City 3",6055.62,2023-08,5338.87,716.75
642,ORD000643,CUST00088,2024-04-19,3,Returned,"Address 785, City 4",32767.649999999998,2024-04,29099.06,3668.5899999999965
660,ORD000661,CUST00353,2023-10-27,3,Returned,"Address 593, City 10",17721.95,2023-10,18174.01,-452.0599999999977
675,ORD000676,CUST00658,2024-06-05,3,Pending,"Address 261, City 4",18601.760000000002,2024-06,20904.75,-2302.989999999998
684,ORD000685,CUST00981,2024-03-17,9,Unknown,"Address 579, City 5",4706.05,2024-03,4267.61,438.4400000000005
702,ORD000703,CUST00949,2023-08-08,1,Delivered,"Address 549, City 15",3577.3599999999997,2023-08,3147.95,429.40999999999985
728,ORD000729,CUST00664,2024-06-25,2,Shipped,"Address 68, City 5",7646.59,2024-06,8189.45,-542.8599999999997
730,ORD000731,CUST00305,2024-02-22,3,Cancelled,"Address 134, City 12",80114.23999999999,2024-02,88230.94,-8116.700000000012
741,ORD000742,CUST00539,2024-04-10,8,Completed,"Address 622, City 7",19216.28,2024-04,19790.65,-574.3700000000026
798,ORD000799,CUST00946,2024-01-29,1,Returned,"Address 617, City 3",1541.55,2024-01,1587.36,-45.809999999999945
799,ORD000800,CUST00024,2023-09-27,7,Pending,"Address 69, City 7",24674.76,2023-09,27385.01,-2710.25
800,ORD000801,CUST00208,2023-07-23,8,Shipped,"Address 322, City 12",18125.58,2023-07,16494.56,1631.0200000000004
805,ORD000806,CUST00077,2024-04-03,9,Delivered,"Address 744, City 6",11166.35,2024-04,12290.74,-1124.3899999999994
851,ORD000852,CUST00301,2023-11-30,8,Delivered,"Address 222, City 6",8247.17,2023-11,9163.39,-916.2199999999993
891,ORD000892,CUST00220,2023-04-26,8,Delivered,"Address 975, City 18",9694.72,2023-04,8824.91,869.8099999999995
923,ORD000924,CUST00128,2023-03-02,1,Cancelled,"Address 578, City 15",64552.42,2023-03,65600.45,-1048.0299999999988
943,ORD000944,CUST00776,2024-07-30,5,Delivered,"Address 725, City 3",10649.19,2024-07,12170.9,-1521.7099999999991
947,ORD000948,CUST00618,2024-01-27,9,Completed,"Address 392, City 4",3762.27,2024-01,3400.45,361.82000000000016
993,ORD000994,CUST00253,2024-01-05,7,Completed,"Address 73, City 16",21648.19,2024-01,23674.94,-2026.75
1011,ORD001012,CUST00729,2024-05-07,8,Shipped,"Address 82, City 6",31968.36,2024-05,29095.03,2873.3300000000017
1027,ORD001028,CUST00274,2023-05-29,10,Delivered,"Address 903, City 10",28189.109999999997,2023-05,25887.0,2302.109999999997
1060,ORD001061,CUST00484,2023-05-02,9,Pending,"Address 801, City 20",12943.75,2023-05,14290.2,-1346.4500000000007
1084,ORD001085,CUST00322,2024-08-30,1,Unknown,"Address 928, City 3",21030.1,2024-08,19269.09,1761.0099999999984
1098,ORD001099,CUST00609,2023-01-10,1,Delivered,"Address 333, City 4",10893.2,2023-01,9984.52,908.6800000000003
1122,ORD001123,CUST00336,2023-12-09,1,Pending,"Address 12, City 3",-18552.29,2023-12,-20099.35,1547.0599999999977
1152,ORD001153,CUST00096,2024-05-30,7,Completed,"Address 406, City 7",32912.07,2024-05,34674.04,-1761.9700000000012
1224,ORD001225,CUST00819,2023-03-16,3,Pending,"Address 89, City 14",5229.0599999999995,2023-03,4635.2,593.8599999999997
1253,ORD001254,CUST00772,2023-09-08,10,Pending,"Address 265, City 9",12657.13,2023-09,12570.38,86.75
1258,ORD001259,CUST00916,2023-01-09,10,Completed,"Address 118, City 16",41576.59,2023-01,35480.86,6095.729999999996
1262,ORD001263,CUST00152,2023-03-07,10,Completed,"Address 145, City 12",15305.05,2023-03,17022.01,-1716.9599999999991
1268,ORD001269,CUST00912,2023-10-31,3,Cancelled,"Address 687, City 5",12246.67,2023-10,12500.3,-253.6299999999992
1273,ORD001274,CUST00908,2023-06-06,2,Cancelled,"Address 293, City 3",10642.32,2023-06,10904.66,-262.34000000000015
1278,ORD001279,CUST00017,2023-05-20,3,Returned,"Address 221, City 7",7843.92,2023-05,8622.22,-778.2999999999993
1289,ORD001290,CUST00052,2023-09-28,7,Returned,"Address 894, City 15",31682.98,2023-09,36402.24,-4719.259999999998
1297,ORD001298,CUST00818,2023-02-06,4,Delivered,"Address 995, City 20",20295.32,2023-02,22792.72,-2497.4000000000015
1298,ORD001299,CUST00258,2024-09-24,6,Delivered,"Address 919, City 4",2295.26,2024-09,2569.61,-274.3499999999999
1315,ORD001316,CUST00387,2024-03-17,2,Delivered,"Address 28, City 18",14326.28,2024-03,14278.36,47.92000000000007
1382,ORD001383,CUST00296,2024-07-08,6,Shipped,"Address 335, City 6",12070.89,2024-07,10871.29,1199.5999999999985
1388,ORD001389,CUST00333,2024-07-21,3,Pending,"Address 698, City 12",17354.22,2024-07,16605.35,748.8700000000026
1391,ORD001392,CUST00049,2024-10-14,6,Completed,"Address 466, City 10",10235.84,2024-10,9104.21,1131.630000000001
1402,ORD001403,CUST00104,2023-02-21,9,Completed,"Address 703, City 16",4477.08,2023-02,4031.62,445.46000000000004
1407,ORD001408,CUST00810,2024-08-22,1,Completed,"Address 610, City 18",1926.71,2024-08,1802.27,124.44000000000005
1417,ORD001418,CUST00831,2023-12-03,2,Shipped,"Address 779, City 6",629.33,2023-12,594.28,35.05000000000007
1436,ORD001437,CUST00356,2024-01-01,2,Delivered,"Address 980, City 20",6217.48,2024-01,5415.5,801.9799999999996
1441,ORD001442,CUST00714,2024-09-30,8,Delivered,"Address 210, City 11",16812.58,2024-09,17751.31,-938.7299999999996
1452,ORD001453,CUST00860,2024-01-28,5,Completed,"Address 970, City 7",3472.93,2024-01,3768.66,-295.73
1458,ORD001459,CUST00947,2023-02-10,5,Shipped,"Address 239, City 3",9114.99,2023-02,9032.74,82.25
1494,ORD001495,CUST00805,2023-07-22,6,Delivered,"Address 523, City 14",18818.58,2023-07,19940.97,-1122.3899999999994
1513,ORD001514,CUST00884,2023-10-07,7,Shipped,"Address 98, City 2",2285.83,2023-10,1950.63,335.1999999999998
1522,ORD001523,CUST00579,2023-12-21,1,Cancelled,"Address 33, City 2",6957.29,2023-12,6285.11,672.1800000000003
1530,ORD001531,CUST00637,2023-04-20,2,Completed,"Address 737, City 7",11486.07,2023-04,11013.5,472.5699999999997
1532,ORD001533,CUST00420,2024-05-17,9,Delivered,"Address 768, City 5",2803.77,2024-05,3087.9,-284.1300000000001
1533,ORD001534,CUST00685,2024-04-14,3,Completed,"Address 868, City 14",1589.23,2024-04,1399.56,189.67000000000007
1548,ORD001549,CUST00165,2023-04-04,6,Pending,"Address 85, City 6",14222.920000000002,2023-04,14714.27,-491.34999999999854
1568,ORD001569,CUST00818,2023-07-18,3,Cancelled,"Address 167, City 4",9093.08,2023-07,9593.51,-500.4300000000003
1615,ORD001616,CUST00695,2023-07-08,7,Completed,"Address 560, City 1",3504.39,2023-07,3719.14,-214.75
1644,ORD001645,CUST00096,2024-10-18,10,Cancelled,"Address 816, City 4",17302.96,2024-10,18188.97,-886.010000000002
1661,ORD001662,CUST00544,2024-06-23,4,Returned,"Address 794, City 11",6501.14,2024-06,7241.83,-740.6899999999996
1664,ORD001665,CUST00896,2024-10-14,6,Completed,"Address 402, City 6",10646.04,2024-10,11081.02,-434.97999999999956
1676,ORD001677,CUST00410,2023-11-25,5,Pending,"Address 851, City 2",6916.23,2023-11,6210.01,706.2199999999993
1681,ORD001682,CUST00290,2023-09-23,2,Delivered,"Address 205, City 4",5518.05,2023-09,5100.87,417.1800000000003
1683,ORD001684,CUST00183,2024-04-15,8,Cancelled,"Address 489, City 14",494.65,2024-04,550.96,-56.31000000000006
1724,ORD001725,CUST00003,2023-07-14,6,Returned,"Address 982, City 9",13655.529999999999,2023-07,12161.61,1493.9199999999983
1750,ORD001751,CUST00463,2024-08-06,8,Delivered,"Address 730, City 13",260.84,2024-08,253.58,7.2599999999999625
1768,ORD001769,CUST00164,2023-11-01,3,Completed,"Address 993, City 5",8944.2,2023-11,8581.66,362.5400000000009
1784,ORD001785,CUST00424,2024-04-26,6,Returned,"Address 483, City 2",1907.57,2024-04,2043.82,-136.25
1831,ORD001832,CUST00517,2024-01-10,6,Delivered,"Address 698, City 1",1794.57,2024-01,1809.39,-14.820000000000164
1841,ORD001842,CUST00791,2023-02-20,3,Pending,"Address 868, City 16",-8370.66,2023-02,-9356.25,985.5900000000001
1860,ORD001861,CUST00646,2023-05-19,5,Completed,"Address 811, City 10",7789.03,2023-05,8720.46,-931.4299999999994
1867,ORD001868,CUST00497,2024-11-26,10,Pending,"Address 613, City 3",7039.65,2024-11,6699.53,340.1199999999999
1889,ORD001890,CUST00700,2023-10-26,1,Cancelled,"Address 262, City 11",6157.56,2023-10,6163.62,-6.059999999999491
1937,ORD001938,CUST00883,2024-02-28,9,Shipped,"Address 196, City 11",21169.34,2024-02,23213.57,-2044.2299999999996
1946,ORD001947,CUST00655,2024-08-19,8,Cancelled,"Address 551, City 2",16307.22,2024-08,18734.73,-2427.51
1961,ORD001962,CUST00234,2023-04-12,5,Pending,"Address 716, City 2",3631.49,2023-04,4036.07,-404.5800000000004
1982,ORD001983,CUST00749,2024-01-23,2,Cancelled,"Address 850, City 7",47598.3,2024-01,49118.19,-1519.8899999999994
1989,ORD001990,CUST00493,2024-03-19,9,Pending,"Address 820, City 1",26772.940000000002,2024-03,24103.94,2669.0000000000036
1992,ORD001993,CUST00658,2024-02-21,9,Completed,"Address 439, City 19",36991.56,2024-02,42468.09,-5476.529999999999
2058,ORD002059,CUST00630,2023-11-05,2,Cancelled,"Address 592, City 10",38155.28,2023-11,43201.67,-5046.389999999999
2094,ORD002095,CUST00618,2024-03-05,7,Completed,"Address 368, City 5",44396.35,2024-03,42192.08,2204.269999999997
2103,ORD002104,CUST00727,2024-04-10,3,Pending,"Address 253, City 13",9425.24,2024-04,9377.45,47.789999999999054
2137,ORD002138,CUST00214,2024-09-19,3,Returned,"Address 106, City 16",16701.35,2024-09,17577.97,-876.6200000000026
2162,ORD002163,CUST00870,2024-03-09,8,Cancelled,"Address 809, City 17",12289.89,2024-03,11299.26,990.6299999999992
2322,ORD002323,CUST00125,2024-06-19,7,Completed,"Address 579, City 3",3607.56,2024-06,3775.43,-167.8699999999999
2339,ORD002340,CUST00191,2024-01-19,5,Completed,"Address 545, City 14",12616.1,2024-01,11980.04,636.0599999999995
2353,ORD002354,CUST00365,2024-03-03,9,Returned,"Address 679, City 4",18394.19,2024-03,17810.75,583.4399999999987
2365,ORD002366,CUST00231,2024-05-30,6,Shipped,"Address 940, City 19",8815.68,2024-05,8109.96,705.7200000000003
2384,ORD002385,CUST00160,2023-10-05,1,Delivered,"Address 857, City 12",48968.6,2023-10,45893.88,3074.720000000001
2441,ORD002442,CUST00612,2023-11-12,8,Delivered,"Address 325, City 16",6737.87,2023-11,7247.14,-509.27000000000044
2443,ORD002444,CUST00872,2024-08-07,5,Cancelled,"Address 366, City 17",38432.56,2024-08,40180.16,-1747.6000000000058
2461,ORD002462,CUST00172,2023-12-14,5,Delivered,"Address 3, City 7",26147.07,2023-12,29352.3,-3205.2299999999996
2487,ORD002488,CUST00681,2023-06-13,5,Pending,"Address 549, City 5",27155.35,2023-06,29525.34,-2369.9900000000016
2502,ORD002503,CUST00338,2024-02-03,6,Shipped,"Address 573, City 16",29065.62,2024-02,26028.13,3037.489999999998
2503,ORD002504,CUST00521,2024-06-27,9,Cancelled,"Address 714, City 20",1589.9099999999999,2024-06,1822.06,-232.1500000000001
2553,ORD002554,CUST00785,2023-08-16,7,Pending,"Address 345, City 14",791.63,2023-08,764.28,27.350000000000023
2573,ORD002574,CUST00587,2024-04-16,5,Cancelled,"Address 718, City 20",23990.17,2024-04,26519.24,-2529.0700000000033
2602,ORD002603,CUST00003,2024-01-18,8,Cancelled,"Address 68, City 14",895.09,2024-01,988.14,-93.04999999999995
2631,ORD002632,CUST00935,2023-12-08,8,Delivered,"Address 349, City 4",11416.32,2023-12,10878.11,538.2099999999991
2632,ORD002633,CUST00310,2023-01-01,9,Returned,"Address 601, City 10",2610.09,2023-01,2738.71,-128.6199999999999
2639,ORD002640,CUST00304,2023-08-04,9,Pending,"Address 209, City 19",7391.58,2023-08,7396.04,-4.460000000000036
2710,ORD002711,CUST00501,2024-05-30,4,Pending,"Address 267, City 2",1288.16,2024-05,1359.49,-71.32999999999993
2720,ORD002721,CUST00410,2023-03-16,1,Shipped,"Address 839, City 1",4565.15,2023-03,3892.13,673.0199999999995
2721,ORD002722,CUST00726,2024-05-14,2,Delivered,"Address 880, City 16",6693.56,2024-05,5812.74,880.8200000000006
2725,ORD002726,CUST00135,2023-03-31,6,Completed,"Address 790, City 17",4804.94,2023-03,4585.35,219.58999999999924
2728,ORD002729,CUST00731,2024-09-23,8,Pending,"Address 775, City 11",3090.91,2024-09,2744.92,345.9899999999998
2745,ORD002746,CUST00159,2024-04-03,4,Delivered,"Address 19, City 15",12174.93,2024-04,10396.29,1778.6399999999994
2817,ORD002818,CUST00719,2023-09-25,2,Shipped,"Address 206, City 4",10848.72,2023-09,12437.09,-1588.3700000000008
2838,ORD002839,CUST00434,2023-09-02,9,Pending,"Address 68, City 14",6521.280000000001,2023-09,7228.13,-706.8499999999995
2842,ORD002843,CUST00473,2023-09-04,10,Returned,"Address 866, City 6",16852.68,2023-09,17567.2,-714.5200000000004
2852,ORD002853,CUST00305,2024-06-04,2,Completed,"Address 328, City 12",29047.14,2024-06,30196.52,-1149.380000000001
2863,ORD002864,CUST00362,2024-03-13,5,Shipped,"Address 484, City 5",28814.64,2024-03,31699.48,-2884.84
2877,ORD002878,CUST00595,2023-09-28,8,Unknown,"Address 295, City 10",692.77,2023-09,790.97,-98.20000000000005
2889,ORD002890,CUST00602,2024-06-28,1,Completed,"Address 987, City 12",19725.36,2024-06,17729.43,1995.9300000000003
2904,ORD002905,CUST00774,2024-09-10,8,Returned,"Address 108, City 11",25232.2,2024-09,22215.08,3017.119999999999
2910,ORD002911,CUST00871,2024-09-18,5,Delivered,"Address 923, City 9",6389.200000000001,2024-09,6757.07,-367.869999999999
2914,ORD002915,CUST00350,2023-09-13,10,Returned,"Address 626, City 17",7317.610000000001,2023-09,6484.56,833.0500000000002
2920,ORD002921,CUST00027,2024-11-04,1,Returned,"Address 598, City 6",7466.31,2024-11,6515.19,951.1200000000008
2953,ORD002954,CUST00172,2023-03-23,7,Returned,"Address 299, City 9",38897.63,2023-03,44058.13,-5160.5
3033,ORD003034,CUST00007,2023-06-03,9,Cancelled,"Address 232, City 9",14946.189999999999,2023-06,16536.82,-1590.630000000001
3079,ORD003080,CUST00089,2024-09-26,4,Shipped,"Address 297, City 19",30809.059999999998,2024-09,33760.46,-2951.4000000000015
3091,ORD003092,CUST00232,2023-06-05,2,Pending,"Address 404, City 1",5491.94,2023-06,6053.46,-561.5200000000004
3099,ORD003100,CUST00672,2023-10-08,1,Shipped,"Address 222, City 10",10989.58,2023-10,9374.39,1615.1900000000005
3109,ORD003110,CUST00424,2023-11-15,7,Delivered,"Address 756, City 16",14525.98,2023-11,13142.95,1383.0299999999988
3128,ORD003129,CUST00247,2023-01-20,5,Pending,"Address 279, City 7",3851.18,2023-01,3900.41,-49.23000000000002
3142,ORD003143,CUST00656,2023-07-26,4,Pending,"Address 484, City 12",30696.02,2023-07,27110.96,3585.0600000000013
3163,ORD003164,CUST00740,2024-05-18,5,Cancelled,"Address 181, City 20",5633.46,2024-05,6395.35,-761.8900000000003
3180,ORD003181,CUST00557,2023-01-08,10,Pending,"Address 959, City 2",9082.710000000001,2023-01,8817.09,265.6200000000008
3209,ORD003210,CUST00213,2024-03-28,3,Delivered,"Address 459, City 18",14914.509999999998,2024-03,15366.68,-452.1700000000019
3277,ORD003278,CUST00329,2024-06-17,9,Delivered,"Address 900, City 3",4911.7,2024-06,4254.42,657.2799999999997
3284,ORD003285,CUST00949,2024-07-05,8,Delivered,"Address 820, City 7",5109.93,2024-07,4861.55,248.3800000000001
3327,ORD003328,CUST00479,2023-08-29,9,Cancelled,"Address 20, City 10",437.88,2023-08,437.86,0.01999999999998181
3381,ORD003382,CUST00482,2024-06-24,6,Cancelled,"Address 88, City 18",50690.45,2024-06,44093.43,6597.019999999997
3386,ORD003387,CUST00502,2023-01-12,10,Completed,"Address 772, City 13",10696.49,2023-01,9811.46,885.0300000000007
3417,ORD003418,CUST00523,2023-02-01,10,Delivered,"Address 729, City 10",9190.48,2023-02,7881.54,1308.9399999999996
3439,ORD003440,CUST00798,2023-02-17,10,Shipped,"Address 685, City 14",657.97,2023-02,638.63,19.340000000000032
3462,ORD003463,CUST00692,2024-02-01,2,Cancelled,"Address 309, City 17",10625.48,2024-02,10478.11,147.36999999999898
3466,ORD003467,CUST00871,2023-03-10,3,Pending,"Address 668, City 14",15564.96,2023-03,16760.06,-1195.1000000000022
3476,ORD003477,CUST00132,2024-10-12,4,Completed,"Address 42, City 17",32397.03,2024-10,32088.62,308.40999999999985
3485,ORD003486,CUST00113,2024-04-15,5,Shipped,"Address 159, City 2",26021.86,2024-04,23924.47,2097.3899999999994
3494,ORD003495,CUST00208,2024-09-05,3,Delivered,"Address 193, City 19",11521.969999999998,2024-09,10005.65,1516.319999999998
3519,ORD003520,CUST00125,2023-03-08,9,Completed,"Address 28, City 20",10192.94,2023-03,9907.94,285.0
3571,ORD003572,CUST00781,2024-10-09,2,Completed,"Address 170, City 10",5338.8,2024-10,4821.37,517.4300000000003
3609,ORD003610,CUST00491,2024-05-22,6,Unknown,"Address 941, City 10",8950.16,2024-05,8830.78,119.3799999999992
3614,ORD003615,CUST00345,2023-12-07,2,Shipped,"Address 761, City 11",12697.310000000001,2023-12,11881.19,816.1200000000008
3615,ORD003616,CUST00069,2024-09-19,6,Returned,"Address 676, City 12",67250.32,2024-09,61474.07,5776.250000000007
3634,ORD003635,CUST00319,2024-10-21,8,Pending,"Address 313, City 5",14995.1,2024-10,14835.85,159.25
3636,ORD003637,CUST00068,2023-01-02,1,Completed,"Address 241, City 11",8521.52,2023-01,9767.29,-1245.7700000000004
3659,ORD003660,CUST00413,2023-10-30,2,Delivered,"Address 551, City 1",28582.57,2023-10,28703.68,-121.11000000000058
3736,ORD003737,CUST00973,2023-12-13,1,Returned,"Address 311, City 11",1983.28,2023-12,2193.46,-210.18000000000006
3743,ORD003744,CUST00110,2023-10-21,7,Pending,"Address 387, City 15",10802.22,2023-10,9845.13,957.0900000000001
3751,ORD003752,CUST00644,2024-05-09,10,Delivered,"Address 522, City 15",10643.04,2024-05,11215.07,-572.0299999999988
3785,ORD003786,CUST00709,2024-01-06,1,Returned,"Address 847, City 18",4147.75,2024-01,4482.95,-335.1999999999998
3904,ORD003905,CUST00331,2024-04-03,6,Unknown,"Address 328, City 6",1069.74,2024-04,922.42,147.32000000000005
3912,ORD003913,CUST00438,2023-01-29,4,Returned,"Address 908, City 20",5845.69,2023-01,5954.12,-108.43000000000029
3933,ORD003934,CUST00567,2023-03-21,9,Cancelled,"Address 808, City 5",7908.91,2023-03,9079.24,-1170.33
3935,ORD003936,CUST00962,2023-01-04,7,Completed,"Address 421, City 14",3851.54,2023-01,4152.15,-300.6099999999997
3943,ORD003944,CUST00877,2023-07-03,5,Returned,"Address 376, City 3",8503.75,2023-07,9032.56,-528.8099999999995
3956,ORD003957,CUST00935,2024-06-15,8,Pending,"Address 396, City 11",7458.09,2024-06,6631.59,826.5
3969,ORD003970,CUST00516,2024-09-15,3,Completed,"Address 511, City 16",19912.809999999998,2024-09,22784.88,-2872.0700000000033
4006,ORD004007,CUST00367,2023-07-26,2,Completed,"Address 640, City 7",9577.380000000001,2023-07,8575.86,1001.5200000000004
4043,ORD004044,CUST00586,2023-03-29,7,Completed,"Address 507, City 2",22478.68,2023-03,25423.43,-2944.75
4075,ORD004076,CUST00798,2024-08-17,5,Pending,"Address 759, City 11",26900.370000000003,2024-08,23958.82,2941.550000000003
4091,ORD004092,CUST00278,2023-12-16,7,Pending,"Address 765, City 8",1451.31,2023-12,1358.82,92.49000000000001
4094,ORD004095,CUST00860,2024-03-08,7,Delivered,"Address 797, City 17",19057.11,2024-03,20724.06,-1666.9500000000007
4099,ORD004100,CUST00317,2024-10-07,8,Cancelled,"Address 238, City 19",4658.99,2024-10,4357.15,301.84000000000015
4104,ORD004105,CUST00043,2024-11-02,4,Returned,"Address 766, City 1",19105.52,2024-11,20068.19,-962.6699999999983
4119,ORD004120,CUST00696,2023-09-01,1,Completed,"Address 501, City 17",16304.97,2023-09,15557.47,747.5
4174,ORD004175,CUST00953,2024-10-16,1,Cancelled,"Address 259, City 18",19191.06,2024-10,16940.54,2250.5200000000004
4176,ORD004177,CUST00589,2024-04-11,6,Pending,"Address 175, City 19",12505.99,2024-04,13139.03,-633.0400000000009
4216,ORD004217,CUST00920,2023-04-17,9,Returned,"Address 465, City 3",1552.76,2023-04,1360.56,192.20000000000005
4250,ORD004251,CUST00210,2024-11-29,7,Cancelled,"Address 111, City 11",16286.140000000001,2024-11,14928.38,1357.760000000002
4257,ORD004258,CUST01000,2023-09-03,9,Delivered,"Address 192, City 4",27687.519999999997,2023-09,26958.74,728.7799999999952
4314,ORD004315,CUST00772,2024-09-27,6,Shipped,"Address 765, City 10",5567.5,2024-09,5488.97,78.52999999999975
4335,ORD004336,CUST00761,2023-04-10,5,Cancelled,"Address 611, City 2",26516.48,2023-04,29195.3,-2678.8199999999997
4358,ORD004359,CUST00882,2023-06-30,8,Pending,"Address 229, City 19",42550.770000000004,2023-06,47933.21,-5382.439999999995
4377,ORD004378,CUST00628,2024-06-23,8,Pending,"Address 360, City 20",24449.19,2024-06,21042.33,3406.859999999997
4444,ORD004445,CUST00753,2024-04-23,5,Completed,"Address 15, City 17",38669.86,2024-04,37500.74,1169.1200000000026
4446,ORD004447,CUST00392,2024-10-06,7,Pending,"Address 722, City 9",33611.91,2024-10,31516.7,2095.2100000000028
4451,ORD004452,CUST00943,2023-02-11,4,Cancelled,"Address 223, City 13",25543.239999999998,2023-02,21748.08,3795.159999999996
4464,ORD004465,CUST00887,2023-06-08,6,Completed,"Address 413, City 19",8224.43,2023-06,8674.9,-450.46999999999935
4471,ORD004472,CUST00785,2023-09-26,2,Cancelled,"Address 992, City 12",10813.89,2023-09,10650.12,163.76999999999862
4480,ORD004481,CUST00571,2023-03-30,4,Cancelled,"Address 852, City 3",43245.65,2023-03,49438.22,-6192.57
4481,ORD004482,CUST00547,2023-08-01,5,Pending,"Address 75, City 1",11271.02,2023-08,10159.87,1111.1499999999996
4505,ORD004506,CUST00319,2023-05-27,8,Returned,"Address 956, City 11",16832.58,2023-05,16959.35,-126.7699999999968
4516,ORD004517,CUST00408,2023-07-01,1,Pending,"Address 668, City 10",29819.39,2023-07,33194.26,-3374.8700000000026
4519,ORD004520,CUST00962,2023-12-05,3,Shipped,"Address 589, City 15",9360.28,2023-12,9654.9,-294.619999999999
4549,ORD004550,CUST00995,2024-05-03,2,Completed,"Address 265, City 6",16471.66,2024-05,14171.65,2300.01
4559,ORD004560,CUST00066,2024-08-06,6,Shipped,"Address 741, City 2",16455.6,2024-08,15289.09,1166.5099999999984
4572,ORD004573,CUST00047,2024-12-01,8,Returned,"Address 768, City 11",1984.38,2024-12,2085.49,-101.10999999999967
4580,ORD004581,CUST00571,2024-02-12,10,Delivered,"Address 756, City 20",9609.47,2024-02,9895.95,-286.4800000000014
4585,ORD004586,CUST00355,2024-09-03,5,Pending,"Address 945, City 13",501.9300000000003,2024-09,450.27,51.66000000000031
4598,ORD004599,CUST00976,2023-08-20,1,Returned,"Address 706, City 18",1932.6599999999999,2023-08,1745.62,187.03999999999996
4601,ORD004602,CUST00534,2023-08-16,2,Pending,"Address 74, City 5",9552.76,2023-08,8506.09,1046.67
4629,ORD004630,CUST00918,2023-02-22,1,Delivered,"Address 47, City 16",27635.57,2023-02,23837.38,3798.1899999999987
4631,ORD004632,CUST00306,2023-05-11,7,Cancelled,"Address 369, City 11",16246.72,2023-05,14813.71,1433.0100000000002
4640,ORD004641,CUST00334,2025-11-12,7,Delivered,"Address 806, City 6",21191.589999999997,2025-11,18153.08,3038.5099999999948
4654,ORD004655,CUST00444,2024-10-09,5,Cancelled,"Address 994, City 13",4403.98,2024-10,4218.45,185.52999999999975
4673,ORD004674,CUST00813,2024-06-27,6,Cancelled,"Address 120, City 1",23319.98,2024-06,25518.33,-2198.350000000002
4684,ORD004685,CUST00134,2024-04-26,9,Pending,"Address 487, City 13",30656.370000000003,2024-04,34246.25,-3589.8799999999974
4704,ORD004705,CUST00594,2024-10-23,5,Returned,"Address 298, City 7",467.33,2024-10,405.13,62.19999999999999
4705,ORD004706,CUST00692,2024-07-25,4,Delivered,"Address 693, City 10",477.27,2024-07,432.92,44.349999999999966
4723,ORD004724,CUST00310,2024-06-07,6,Shipped,"Address 94, City 8",495.09,2024-06,488.42,6.669999999999959
4792,ORD004793,CUST00274,2024-10-12,2,Delivered,"Address 842, City 10",23950.08,2024-10,26189.09,-2239.0099999999984
4797,ORD004798,CUST00044,2023-07-27,10,Pending,"Address 872, City 7",3352.35,2023-07,3763.45,-411.0999999999999
4817,ORD004818,CUST00004,2023-04-17,10,Pending,"Address 672, City 14",4979.64,2023-04,4462.44,517.2000000000007
4855,ORD004856,CUST00855,2023-12-31,10,Delivered,"Address 319, City 8",24464.71,2023-12,24605.09,-140.38000000000102
4857,ORD004858,CUST00671,2023-05-14,8,Pending,"Address 824, City 1",5296.79,2023-05,5054.13,242.65999999999985
4868,ORD004869,CUST00739,2024-07-04,8,Returned,"Address 575, City 16",15281.83,2024-07,13316.41,1965.42
4878,ORD004879,CUST00033,2023-01-23,10,Returned,"Address 178, City 20",28269.03,2023-01,27738.54,530.489999999998
4909,ORD004910,CUST00652,2023-05-04,3,Shipped,"Address 668, City 2",2374.01,2023-05,2218.24,155.77000000000044
4914,ORD004915,CUST00079,2023-04-01,6,Delivered,"Address 212, City 18",10802.22,2023-04,12369.85,-1567.630000000001
4929,ORD004930,CUST00998,2024-05-06,5,Completed,"Address 444, City 17",25513.71,2024-05,24032.99,1480.7199999999975
4989,ORD004990,CUST00870,2024-01-18,1,Delivered,"Address 139, City 15",20462.56,2024-01,19978.8,483.76000000000204
4991,ORD004992,CUST00489,2024-03-30,6,Pending,"Address 714, City 14",20879.68,2024-03,23926.0,-3046.3199999999997
4998,ORD004999,CUST00962,2023-06-08,3,Returned,"Address 673, City 7",1514.54,2023-06,1718.05,-203.51
