customer_id,recency,frequency,monetary,recency_score,frequency_score,monetary_score,rfm_score,segment
CUST00001,598,6,69020.47,1,4,3,8,Potential Loyalists
CUST00002,537,8,128614.31,2,5,5,12,Champions
CUST00003,642,8,121870.76999999999,1,5,5,11,Loyal Customers
CUST00004,567,8,117042.02,1,5,5,11,Loyal Customers
CUST00005,457,3,39910.72,3,1,2,6,At Risk
CUST00006,600,3,53676.6,1,1,3,5,At Risk
CUST00007,547,6,61447.03,2,4,3,9,Potential Loyalists
CUST00008,352,6,141229.12,5,4,5,14,Champions
CUST00009,454,6,58523.670000000006,3,4,3,10,Loyal Customers
CUST00010,424,3,22830.34,3,1,1,5,At Risk
CUST00011,519,4,29825.149999999998,2,2,1,5,At Risk
CUST00012,583,5,41253.19,1,3,2,6,At Risk
CUST00013,427,3,54201.01,3,1,3,7,Potential Loyalists
CUST00014,507,5,47430.46,2,3,2,7,Potential Loyalists
CUST00015,392,5,108176.71,4,3,5,12,Champions
CUST00016,911,1,934.66,1,1,1,3,Lost Customers
CUST00017,522,6,49090.42,2,4,2,8,Potential Loyalists
CUST00018,652,4,25022.62,1,2,1,4,Lost Customers
CUST00019,520,6,77558.02,2,4,4,10,Loyal Customers
CUST00020,560,5,68778.56,2,3,3,8,Potential Loyalists
CUST00021,656,5,63287.93,1,3,3,7,Potential Loyalists
CUST00022,555,4,51017.46,2,2,2,6,At Risk
CUST00023,541,8,171956.35,2,5,5,12,Champions
CUST00024,354,5,58442.259999999995,5,3,3,11,Loyal Customers
CUST00025,456,8,114560.56,3,5,5,13,Champions
CUST00026,439,3,44889.240000000005,3,1,2,6,At Risk
CUST00027,373,7,89562.6,5,4,4,13,Champions
CUST00028,714,2,4399.42,1,1,1,3,Lost Customers
CUST00029,387,6,70072.76000000001,4,4,3,11,Loyal Customers
CUST00030,568,5,93144.24,1,3,4,8,Potential Loyalists
CUST00031,714,3,50350.270000000004,1,1,2,4,Lost Customers
CUST00032,613,9,184418.47999999998,1,5,5,11,Loyal Customers
CUST00033,442,5,82633.59999999999,3,3,4,10,Loyal Customers
CUST00034,593,7,73833.53,1,4,4,9,Potential Loyalists
CUST00035,606,3,52605.81,1,1,2,4,Lost Customers
CUST00036,56,3,63327.03999999999,5,1,3,9,Potential Loyalists
CUST00037,892,5,29533.67,1,3,1,5,At Risk
CUST00038,483,4,46854.89,2,2,2,6,At Risk
CUST00039,424,3,40659.18,3,1,2,6,At Risk
CUST00040,319,4,82601.06,5,2,4,11,Loyal Customers
CUST00041,430,6,53275.03999999999,3,4,2,9,Potential Loyalists
CUST00042,644,6,123394.25,1,4,5,10,Loyal Customers
CUST00043,375,5,73363.4,4,3,3,10,Loyal Customers
CUST00044,556,3,21924.73,2,1,1,4,Lost Customers
CUST00045,606,5,136764.0,1,3,5,9,Potential Loyalists
CUST00046,354,5,66045.18,5,3,3,11,Loyal Customers
CUST00047,346,6,18919.82,5,4,1,10,Loyal Customers
CUST00048,589,3,50581.420000000006,1,1,2,4,Lost Customers
CUST00049,394,4,76264.42,4,2,4,10,Loyal Customers
CUST00050,399,4,42069.75,4,2,2,8,Potential Loyalists
CUST00051,346,4,37291.19,5,2,2,9,Potential Loyalists
CUST00052,352,10,160772.39,5,5,5,15,Champions
CUST00053,624,4,38290.64,1,2,2,5,At Risk
CUST00054,417,4,47586.56,4,2,2,8,Potential Loyalists
CUST00055,584,5,72789.43,1,3,3,7,Potential Loyalists
CUST00056,428,3,33712.05,3,1,1,5,At Risk
CUST00057,881,1,38581.270000000004,1,1,2,4,Lost Customers
CUST00058,400,4,52970.97,4,2,2,8,Potential Loyalists
CUST00059,381,2,40522.979999999996,4,1,2,7,Potential Loyalists
CUST00060,470,5,13573.99,2,3,1,6,At Risk
CUST00061,658,3,78883.46999999999,1,1,4,6,At Risk
CUST00062,389,6,91043.92,4,4,4,12,Champions
CUST00063,711,4,19909.8,1,2,1,4,Lost Customers
CUST00064,393,6,94441.32,4,4,4,12,Champions
CUST00065,432,1,7389.78,3,1,1,5,At Risk
CUST00066,367,5,57189.86,5,3,3,11,Loyal Customers
CUST00067,434,4,20016.64,3,2,1,6,At Risk
CUST00068,1045,1,8521.52,1,1,1,3,Lost Customers
CUST00069,369,9,198602.77000000002,5,5,5,15,Champions
CUST00070,364,5,130004.9,5,3,5,13,Champions
CUST00071,466,1,34493.990000000005,3,1,2,6,At Risk
CUST00072,409,3,31575.77,4,1,1,6,At Risk
CUST00073,527,3,50170.29,2,1,2,5,At Risk
CUST00074,427,3,39000.34,3,1,2,6,At Risk
CUST00075,401,3,49958.61,4,1,2,7,Potential Loyalists
CUST00076,612,3,42527.4,1,1,2,4,Lost Customers
CUST00077,380,8,199742.09,4,5,5,14,Champions
CUST00078,380,5,115186.11,4,3,5,12,Champions
CUST00079,406,7,135912.04,4,4,5,13,Champions
CUST00080,397,4,48313.93,4,2,2,8,Potential Loyalists
CUST00081,536,3,27758.67,2,1,1,4,Lost Customers
CUST00082,474,4,45443.07,2,2,2,6,At Risk
CUST00083,364,5,94877.04000000001,5,3,4,12,Champions
CUST00084,491,5,96046.84,2,3,4,9,Potential Loyalists
CUST00085,392,7,128808.75,4,4,5,13,Champions
CUST00086,389,6,103167.09,4,4,5,13,Champions
CUST00087,384,3,12324.11,4,1,1,6,At Risk
CUST00088,428,2,72637.52,3,1,3,7,Potential Loyalists
CUST00089,412,3,43935.28999999999,4,1,2,7,Potential Loyalists
CUST00090,609,2,14576.36,1,1,1,3,Lost Customers
CUST00091,561,3,51504.97,2,1,2,5,At Risk
CUST00092,357,8,86709.84,5,5,4,14,Champions
CUST00093,465,8,108917.48,3,5,5,13,Champions
CUST00094,452,2,26943.07,3,1,1,5,At Risk
CUST00095,528,6,51254.85,2,4,2,8,Potential Loyalists
CUST00096,390,6,139362.35,4,4,5,13,Champions
CUST00097,454,10,193834.94999999998,3,5,5,13,Champions
CUST00098,611,7,83663.39,1,4,4,9,Potential Loyalists
CUST00099,400,3,80278.69,4,1,4,9,Potential Loyalists
CUST00100,354,8,112386.05,5,5,5,15,Champions
CUST00101,623,6,125525.36,1,4,5,10,Loyal Customers
CUST00102,390,5,73710.44,4,3,4,11,Loyal Customers
CUST00103,459,10,163803.76,3,5,5,13,Champions
CUST00104,656,2,4712.47,1,1,1,3,Lost Customers
CUST00105,541,4,51779.479999999996,2,2,2,6,At Risk
CUST00106,553,4,62194.29,2,2,3,7,Potential Loyalists
CUST00107,347,7,90267.45999999999,5,4,4,13,Champions
CUST00108,764,2,30768.480000000003,1,1,1,3,Lost Customers
CUST00109,401,4,39673.36,4,2,2,8,Potential Loyalists
CUST00110,398,9,145543.37,4,5,5,14,Champions
CUST00111,432,3,44985.35,3,1,2,6,At Risk
CUST00112,434,7,92380.35,3,4,4,11,Loyal Customers
CUST00113,363,3,48361.83,5,1,2,8,Potential Loyalists
CUST00114,553,4,45786.86,2,2,2,6,At Risk
CUST00115,968,1,5900.46,1,1,1,3,Lost Customers
CUST00116,614,6,87709.33,1,4,4,9,Potential Loyalists
CUST00117,353,6,96222.91,5,4,4,13,Champions
CUST00118,452,4,69045.09,3,2,3,8,Potential Loyalists
CUST00119,777,1,5066.02,1,1,1,3,Lost Customers
CUST00120,583,4,23947.43,1,2,1,4,Lost Customers
CUST00121,356,5,82945.04000000001,5,3,4,12,Champions
CUST00122,359,5,101073.68000000001,5,3,4,12,Champions
CUST00123,436,7,53047.869999999995,3,4,2,9,Potential Loyalists
CUST00124,427,9,122781.54000000001,3,5,5,13,Champions
CUST00125,511,8,106090.84,2,5,5,12,Champions
CUST00126,572,3,44048.93,1,1,2,4,Lost Customers
CUST00127,347,5,83359.79999999999,5,3,4,12,Champions
CUST00128,363,7,174319.46,5,4,5,14,Champions
CUST00129,825,2,18182.29,1,1,1,3,Lost Customers
CUST00130,696,4,43571.53,1,2,2,5,At Risk
CUST00131,349,6,81850.64,5,4,4,13,Champions
CUST00132,361,12,201253.32,5,5,5,15,Champions
CUST00133,374,4,52439.14,4,2,2,8,Potential Loyalists
CUST00134,236,4,114786.81,5,2,5,12,Champions
CUST00135,694,4,25593.31,1,2,1,4,Lost Customers
CUST00136,446,6,95100.97,3,4,4,11,Loyal Customers
CUST00137,28,3,47872.32,5,1,2,8,Potential Loyalists
CUST00138,505,5,93761.11,2,3,4,9,Potential Loyalists
CUST00139,364,9,147020.96000000002,5,5,5,15,Champions
CUST00140,361,6,78475.45,5,4,4,13,Champions
CUST00141,365,7,41563.9,5,4,2,11,Loyal Customers
CUST00142,483,3,44422.68,2,1,2,5,At Risk
CUST00143,432,4,55863.6,3,2,3,8,Potential Loyalists
CUST00144,390,6,20043.02,4,4,1,9,Potential Loyalists
CUST00145,422,7,137036.18,3,4,5,12,Champions
CUST00146,609,9,74304.06,1,5,4,10,Loyal Customers
CUST00147,425,7,108363.93,3,4,5,12,Champions
CUST00148,374,5,54347.33,4,3,3,10,Loyal Customers
CUST00149,539,4,82535.52,2,2,4,8,Potential Loyalists
CUST00150,363,4,68451.45999999999,5,2,3,10,Loyal Customers
CUST00151,380,4,60429.14,4,2,3,9,Potential Loyalists
CUST00152,372,7,116843.9,5,4,5,14,Champions
CUST00153,143,7,55986.77,5,4,3,12,Champions
CUST00154,504,4,67028.06,2,2,3,7,Potential Loyalists
CUST00155,529,6,93536.01000000001,2,4,4,10,Loyal Customers
CUST00156,358,8,88507.73,5,5,4,14,Champions
CUST00157,697,2,45300.84,1,1,2,4,Lost Customers
CUST00158,357,7,73883.97,5,4,4,13,Champions
CUST00159,485,3,33677.26,2,1,1,4,Lost Customers
CUST00160,387,10,225537.5,4,5,5,14,Champions
CUST00161,809,2,21788.989999999998,1,1,1,3,Lost Customers
CUST00162,362,4,34981.13,5,2,2,9,Potential Loyalists
CUST00163,113,5,75402.66,5,3,4,12,Champions
CUST00164,645,4,75608.53,1,2,4,7,Potential Loyalists
CUST00165,379,8,112548.92,4,5,5,14,Champions
CUST00166,822,3,35114.18,1,1,2,4,Lost Customers
CUST00167,635,2,56633.05,1,1,3,5,At Risk
CUST00168,389,4,28764.799999999996,4,2,1,7,Potential Loyalists
CUST00169,431,5,69367.39,3,3,3,9,Potential Loyalists
CUST00170,391,4,55365.52,4,2,3,9,Potential Loyalists
CUST00171,979,1,945.94,1,1,1,3,Lost Customers
CUST00172,648,4,85790.1,1,2,4,7,Potential Loyalists
CUST00173,641,3,92922.76999999999,1,1,4,6,At Risk
CUST00174,383,6,77961.45999999999,4,4,4,12,Champions
CUST00175,459,2,32244.55,3,1,1,5,At Risk
CUST00176,370,6,46628.62,5,4,2,11,Loyal Customers
CUST00177,363,5,56890.06,5,3,3,11,Loyal Customers
CUST00178,463,8,114867.26,3,5,5,13,Champions
CUST00179,469,7,71806.1,2,4,3,9,Potential Loyalists
CUST00180,624,3,18701.95,1,1,1,3,Lost Customers
CUST00181,551,5,69016.07,2,3,3,8,Potential Loyalists
CUST00182,694,3,29707.300000000003,1,1,1,3,Lost Customers
CUST00183,440,4,41905.57,3,2,2,7,Potential Loyalists
CUST00184,605,6,109216.45999999999,1,4,5,10,Loyal Customers
CUST00185,541,3,15304.33,2,1,1,4,Lost Customers
CUST00186,584,7,100140.95999999999,1,4,4,9,Potential Loyalists
CUST00187,530,7,87989.66,2,4,4,10,Loyal Customers
CUST00188,832,2,6155.009999999999,1,1,1,3,Lost Customers
CUST00189,456,6,79305.09,3,4,4,11,Loyal Customers
CUST00190,186,8,144159.38,5,5,5,15,Champions
CUST00191,531,7,85465.81,2,4,4,10,Loyal Customers
CUST00192,378,4,47201.68000000001,4,2,2,8,Potential Loyalists
CUST00193,519,3,38629.58,2,1,2,5,At Risk
CUST00194,415,5,110348.56,4,3,5,12,Champions
CUST00195,663,7,73294.85,1,4,3,8,Potential Loyalists
CUST00196,381,5,37139.33,4,3,2,9,Potential Loyalists
CUST00197,746,1,1153.83,1,1,1,3,Lost Customers
CUST00198,481,5,76901.06,2,3,4,9,Potential Loyalists
CUST00199,368,4,96430.14,5,2,4,11,Loyal Customers
CUST00200,599,3,22223.49,1,1,1,3,Lost Customers
CUST00201,414,5,52122.93,4,3,2,9,Potential Loyalists
CUST00202,362,7,115932.26000000001,5,4,5,14,Champions
CUST00203,374,3,56707.58,4,1,3,8,Potential Loyalists
CUST00204,442,9,85858.19,3,5,4,12,Champions
CUST00205,420,3,22280.19,3,1,1,5,At Risk
CUST00206,367,5,36621.079999999994,5,3,2,10,Loyal Customers
CUST00207,404,8,227935.71,4,5,5,14,Champions
CUST00208,433,6,51967.259999999995,3,4,2,9,Potential Loyalists
CUST00209,429,4,30360.82,3,2,1,6,At Risk
CUST00210,348,6,66206.62,5,4,3,12,Champions
CUST00211,504,3,71533.55,2,1,3,6,At Risk
CUST00212,539,4,25525.49,2,2,1,5,At Risk
CUST00213,594,2,16164.159999999998,1,1,1,3,Lost Customers
CUST00214,419,4,37984.33,3,2,2,7,Potential Loyalists
CUST00215,585,6,32940.990000000005,1,4,1,6,At Risk
CUST00216,410,3,23508.32,4,1,1,6,At Risk
CUST00217,353,5,69634.34,5,3,3,11,Loyal Customers
CUST00218,430,5,77686.59,3,3,4,10,Loyal Customers
CUST00219,482,3,57683.47,2,1,3,6,At Risk
CUST00220,444,5,56326.34,3,3,3,9,Potential Loyalists
CUST00221,484,7,112720.31,2,4,5,11,Loyal Customers
CUST00222,478,7,82759.62,2,4,4,10,Loyal Customers
CUST00223,378,9,112787.91,4,5,5,14,Champions
CUST00224,472,4,69178.67,2,2,3,7,Potential Loyalists
CUST00225,684,3,23737.69,1,1,1,3,Lost Customers
CUST00226,445,6,90426.26,3,4,4,11,Loyal Customers
CUST00227,649,2,57161.0,1,1,3,5,At Risk
CUST00228,465,4,38012.24,3,2,2,7,Potential Loyalists
CUST00229,459,4,105444.61000000002,3,2,5,10,Loyal Customers
CUST00230,392,6,96897.85,4,4,4,12,Champions
CUST00231,531,4,50708.94,2,2,2,6,At Risk
CUST00232,382,7,85377.35,4,5,4,13,Champions
CUST00233,506,3,52784.67999999999,2,1,2,5,At Risk
CUST00234,523,9,200034.7,2,5,5,12,Champions
CUST00235,546,3,71329.35,2,1,3,6,At Risk
CUST00236,358,7,105222.13,5,5,5,15,Champions
CUST00237,433,6,58585.72,3,4,3,10,Loyal Customers
CUST00238,448,5,88847.51000000001,3,3,4,10,Loyal Customers
CUST00239,426,5,57213.29,3,3,3,9,Potential Loyalists
CUST00240,487,5,44133.3,2,3,2,7,Potential Loyalists
CUST00241,444,6,102303.45,3,4,4,11,Loyal Customers
CUST00242,868,2,42288.76,1,1,2,4,Lost Customers
CUST00243,482,5,49615.44,2,3,2,7,Potential Loyalists
CUST00244,486,4,71932.8,2,2,3,7,Potential Loyalists
CUST00245,470,2,26529.48,2,1,1,4,Lost Customers
CUST00246,217,6,60684.97,5,4,3,12,Champions
CUST00247,510,6,50191.119999999995,2,4,2,8,Potential Loyalists
CUST00248,685,6,129638.23,1,4,5,10,Loyal Customers
CUST00249,428,7,109496.95999999999,3,5,5,13,Champions
CUST00250,941,3,35752.95,1,1,2,4,Lost Customers
CUST00251,875,1,7249.6,1,1,1,3,Lost Customers
CUST00252,455,12,170439.64,3,5,5,13,Champions
CUST00253,393,8,97361.68000000001,4,5,4,13,Champions
CUST00254,449,4,114144.20999999999,3,2,5,10,Loyal Customers
CUST00255,562,5,64065.77,2,3,3,8,Potential Loyalists
CUST00256,367,7,83160.84,5,5,4,14,Champions
CUST00257,457,8,88609.16,3,5,4,12,Champions
CUST00258,414,5,51811.91,4,3,2,9,Potential Loyalists
CUST00259,388,2,8192.119999999999,4,1,1,6,At Risk
CUST00260,565,7,123647.78,1,5,5,11,Loyal Customers
CUST00261,434,5,45263.89,3,3,2,8,Potential Loyalists
CUST00262,370,6,84411.69,5,4,4,13,Champions
CUST00263,518,5,56036.33,2,3,3,8,Potential Loyalists
CUST00264,359,3,14703.92,5,1,1,7,Potential Loyalists
CUST00265,403,5,72905.72,4,3,3,10,Loyal Customers
CUST00266,904,2,2958.99,1,1,1,3,Lost Customers
CUST00267,530,5,65450.75,2,3,3,8,Potential Loyalists
CUST00268,712,4,86872.0,1,2,4,7,Potential Loyalists
CUST00269,375,3,55625.3,4,1,3,8,Potential Loyalists
CUST00270,515,6,95776.92,2,4,4,10,Loyal Customers
CUST00271,497,5,89242.93000000001,2,3,4,9,Potential Loyalists
CUST00272,398,6,91579.48999999999,4,4,4,12,Champions
CUST00273,370,5,52637.41,5,3,2,10,Loyal Customers
CUST00274,396,5,91739.70999999999,4,3,4,11,Loyal Customers
CUST00275,709,3,13675.869999999999,1,1,1,3,Lost Customers
CUST00276,408,5,44645.850000000006,4,3,2,9,Potential Loyalists
CUST00277,348,3,28855.3,5,1,1,7,Potential Loyalists
CUST00278,593,5,70219.67,1,3,3,7,Potential Loyalists
CUST00279,647,3,28920.3,1,1,1,3,Lost Customers
CUST00280,418,8,149016.03,3,5,5,13,Champions
CUST00281,410,4,58383.28,4,2,3,9,Potential Loyalists
CUST00282,363,9,113092.88,5,5,5,15,Champions
CUST00283,525,4,36957.03,2,2,2,6,At Risk
CUST00284,355,4,33260.0,5,2,1,8,Potential Loyalists
CUST00285,468,7,217277.84,3,5,5,13,Champions
CUST00286,600,3,33177.82,1,1,1,3,Lost Customers
CUST00287,347,5,39061.35,5,3,2,10,Loyal Customers
CUST00288,353,3,13773.54,5,1,1,7,Potential Loyalists
CUST00289,389,2,53319.200000000004,4,1,2,7,Potential Loyalists
CUST00290,380,10,217178.27,4,5,5,14,Champions
CUST00291,392,4,17574.85,4,2,1,7,Potential Loyalists
CUST00292,352,6,91349.76,5,4,4,13,Champions
CUST00293,436,6,134186.27000000002,3,4,5,12,Champions
CUST00294,436,2,22283.760000000002,3,1,1,5,At Risk
CUST00295,505,4,39485.5,2,2,2,6,At Risk
CUST00296,492,6,107763.38,2,4,5,11,Loyal Customers
CUST00297,365,11,108776.42,5,5,5,15,Champions
CUST00298,423,6,47631.17,3,4,2,9,Potential Loyalists
CUST00299,445,7,135604.3,3,5,5,13,Champions
CUST00300,348,3,29240.6,5,1,1,7,Potential Loyalists
CUST00301,370,11,144175.41999999998,5,5,5,15,Champions
CUST00302,420,4,112756.42,3,2,5,10,Loyal Customers
CUST00303,417,2,4097.84,4,1,1,6,At Risk
CUST00304,355,6,107630.70999999999,5,4,5,14,Champions
CUST00305,487,6,168148.58999999997,2,4,5,11,Loyal Customers
CUST00306,696,2,42825.74,1,1,2,4,Lost Customers
CUST00307,443,6,89096.67,3,4,4,11,Loyal Customers
CUST00308,515,5,66627.52,2,3,3,8,Potential Loyalists
CUST00309,481,5,12285.880000000001,2,3,1,6,At Risk
CUST00310,384,4,27605.69,4,2,1,7,Potential Loyalists
CUST00311,391,7,107012.26999999999,4,5,5,14,Champions
CUST00312,356,4,53513.2,5,2,3,10,Loyal Customers
CUST00313,644,2,3929.58,1,1,1,3,Lost Customers
CUST00314,488,6,74245.18,2,4,4,10,Loyal Customers
CUST00315,499,5,68651.79,2,3,3,8,Potential Loyalists
CUST00316,221,3,53166.43,5,1,2,8,Potential Loyalists
CUST00317,374,4,19989.61,4,2,1,7,Potential Loyalists
CUST00318,718,3,24088.54,1,1,1,3,Lost Customers
CUST00319,387,2,31827.68,4,1,1,6,At Risk
CUST00320,566,5,100580.31,1,3,4,8,Potential Loyalists
CUST00321,644,2,22458.0,1,1,1,3,Lost Customers
CUST00322,365,10,206776.18,5,5,5,15,Champions
CUST00323,384,5,61372.53,4,3,3,10,Loyal Customers
CUST00324,548,6,119337.88,2,4,5,11,Loyal Customers
CUST00325,437,8,139091.91,3,5,5,13,Champions
CUST00326,503,3,47805.619999999995,2,1,2,5,At Risk
CUST00327,390,4,42985.8,4,2,2,8,Potential Loyalists
CUST00328,534,9,139220.92,2,5,5,12,Champions
CUST00329,513,4,61550.35999999999,2,2,3,7,Potential Loyalists
CUST00330,383,7,102753.56999999999,4,5,4,13,Champions
CUST00331,387,16,238678.43,4,5,5,14,Champions
CUST00332,486,3,32239.260000000002,2,1,1,4,Lost Customers
CUST00333,479,4,52098.97,2,2,2,6,At Risk
CUST00334,0,4,71248.42,5,2,3,10,Loyal Customers
CUST00335,461,9,102306.85,3,5,4,12,Champions
CUST00336,704,4,4988.8399999999965,1,2,1,4,Lost Customers
CUST00337,376,5,127348.76,4,3,5,12,Champions
CUST00338,419,6,64589.560000000005,3,4,3,10,Loyal Customers
CUST00339,442,7,97219.95999999999,3,5,4,12,Champions
CUST00340,685,3,17476.39,1,1,1,3,Lost Customers
CUST00341,903,3,29389.440000000002,1,1,1,3,Lost Customers
CUST00342,431,3,34396.68,3,1,1,5,At Risk
CUST00343,352,5,61339.93,5,3,3,11,Loyal Customers
CUST00344,349,6,58375.49,5,4,3,12,Champions
CUST00345,417,5,177033.08,4,3,5,12,Champions
CUST00346,414,8,143498.93,4,5,5,14,Champions
CUST00347,560,2,32373.72,2,1,1,4,Lost Customers
CUST00348,474,2,43134.71,2,1,2,5,At Risk
CUST00349,711,2,41204.159999999996,1,1,2,4,Lost Customers
CUST00350,383,6,52298.76,4,4,2,10,Loyal Customers
CUST00351,556,2,40962.36,2,1,2,5,At Risk
CUST00352,529,5,61758.33,2,3,3,8,Potential Loyalists
CUST00353,747,1,17721.95,1,1,1,3,Lost Customers
CUST00354,547,4,39510.119999999995,2,2,2,6,At Risk
CUST00355,360,5,32168.729999999996,5,3,1,9,Potential Loyalists
CUST00356,480,4,77625.05,2,2,4,8,Potential Loyalists
CUST00357,580,5,88903.87,1,3,4,8,Potential Loyalists
CUST00358,613,5,19275.56,1,3,1,5,At Risk
CUST00359,576,2,19798.440000000002,1,1,1,3,Lost Customers
CUST00360,1000,1,33609.03,1,1,1,3,Lost Customers
CUST00361,392,9,87318.83,4,5,4,13,Champions
CUST00362,405,4,38715.03,4,2,2,8,Potential Loyalists
CUST00363,350,5,128757.53,5,3,5,13,Champions
CUST00364,354,6,69339.68,5,4,3,12,Champions
CUST00365,469,4,30018.38,2,2,1,5,At Risk
CUST00366,539,1,39460.990000000005,2,1,2,5,At Risk
CUST00367,381,5,63180.98,4,3,3,10,Loyal Customers
CUST00368,423,7,56020.6,3,5,3,11,Loyal Customers
CUST00369,406,2,51991.46000000001,4,1,2,7,Potential Loyalists
CUST00370,379,8,90748.18,4,5,4,13,Champions
CUST00371,528,5,19747.739999999998,2,3,1,6,At Risk
CUST00372,944,2,2641.84,1,1,1,3,Lost Customers
CUST00373,378,11,112682.22,4,5,5,14,Champions
CUST00374,9,8,84068.26999999999,5,5,4,14,Champions
CUST00375,637,3,18172.31,1,1,1,3,Lost Customers
CUST00376,575,3,42428.67,1,1,2,4,Lost Customers
CUST00377,499,5,43350.64,2,3,2,7,Potential Loyalists
CUST00378,527,3,25806.020000000004,2,1,1,4,Lost Customers
CUST00379,498,8,85347.79000000001,2,5,4,11,Loyal Customers
CUST00380,151,5,61996.43,5,3,3,11,Loyal Customers
CUST00381,768,1,24321.46,1,1,1,3,Lost Customers
CUST00382,454,4,45424.55,3,2,2,7,Potential Loyalists
CUST00383,410,4,47686.47,4,2,2,8,Potential Loyalists
CUST00384,403,12,222076.42,4,5,5,14,Champions
CUST00385,456,4,38248.3,3,2,2,7,Potential Loyalists
CUST00386,485,5,25862.85,2,3,1,6,At Risk
CUST00387,435,9,115043.26000000001,3,5,5,13,Champions
CUST00388,561,2,20564.82,2,1,1,4,Lost Customers
CUST00389,420,5,35821.1,3,3,2,8,Potential Loyalists
CUST00390,347,10,157232.01,5,5,5,15,Champions
CUST00391,457,5,87498.5,3,3,4,10,Loyal Customers
CUST00392,402,5,101856.94,4,3,4,11,Loyal Customers
CUST00393,420,2,35107.67,3,1,2,6,At Risk
CUST00394,379,10,130844.88,4,5,5,14,Champions
CUST00395,359,7,127733.06999999999,5,5,5,15,Champions
CUST00396,386,5,157303.69,4,3,5,12,Champions
CUST00397,402,6,109247.25,4,4,5,13,Champions
CUST00398,502,6,48350.47,2,4,2,8,Potential Loyalists
CUST00399,437,8,144433.77000000002,3,5,5,13,Champions
CUST00400,357,9,72972.07,5,5,3,13,Champions
CUST00401,432,7,55700.93,3,5,3,11,Loyal Customers
CUST00402,438,1,2086.2,3,1,1,5,At Risk
CUST00403,762,3,71234.98,1,1,3,5,At Risk
CUST00404,429,3,8583.119999999999,3,1,1,5,At Risk
CUST00405,413,5,77540.63,4,3,4,11,Loyal Customers
CUST00406,411,5,41148.27,4,3,2,9,Potential Loyalists
CUST00407,348,8,116380.01,5,5,5,15,Champions
CUST00408,556,6,83035.02,2,4,4,10,Loyal Customers
CUST00409,367,2,68379.77,5,1,3,9,Potential Loyalists
CUST00410,718,2,11481.38,1,1,1,3,Lost Customers
CUST00411,411,6,74100.2,4,4,4,12,Champions
CUST00412,614,4,23204.25,1,2,1,4,Lost Customers
CUST00413,351,6,91683.15,5,4,4,13,Champions
CUST00414,587,3,77233.8,1,1,4,6,At Risk
CUST00415,548,3,59827.96000000001,2,1,3,6,At Risk
CUST00416,581,8,65688.22,1,5,3,9,Potential Loyalists
CUST00417,433,4,43000.67,3,2,2,7,Potential Loyalists
CUST00418,443,7,73634.73,3,5,3,11,Loyal Customers
CUST00419,377,5,67520.44,4,3,3,10,Loyal Customers
CUST00420,382,7,123185.92,4,5,5,14,Champions
CUST00421,505,5,67912.57,2,3,3,8,Potential Loyalists
CUST00422,354,4,61068.83,5,2,3,10,Loyal Customers
CUST00423,466,2,29252.93,3,1,1,5,At Risk
CUST00424,388,6,114260.45,4,4,5,13,Champions
CUST00425,622,5,79538.68,1,3,4,8,Potential Loyalists
CUST00426,456,6,89981.01000000001,3,4,4,11,Loyal Customers
CUST00427,360,6,34409.19,5,4,2,11,Loyal Customers
CUST00428,415,3,45181.08,4,1,2,7,Potential Loyalists
CUST00429,486,4,42940.740000000005,2,2,2,6,At Risk
CUST00430,596,6,117505.77,1,4,5,10,Loyal Customers
CUST00431,536,6,117602.4,2,4,5,11,Loyal Customers
CUST00432,356,3,60384.75,5,1,3,9,Potential Loyalists
CUST00433,966,4,101105.83000000002,1,2,4,7,Potential Loyalists
CUST00434,360,11,146532.18,5,5,5,15,Champions
CUST00435,619,6,67146.06,1,4,3,8,Potential Loyalists
CUST00436,355,3,7548.87,5,1,1,7,Potential Loyalists
CUST00437,384,5,38850.82,4,3,2,9,Potential Loyalists
CUST00438,414,6,67275.02,4,4,3,11,Loyal Customers
CUST00439,584,5,47517.66,1,3,2,6,At Risk
CUST00440,375,3,30560.69,4,1,1,6,At Risk
CUST00441,232,5,88189.11,5,3,4,12,Champions
CUST00442,505,3,63862.979999999996,2,1,3,6,At Risk
CUST00443,414,7,106409.63,4,5,5,14,Champions
CUST00444,399,5,29349.54,4,3,1,8,Potential Loyalists
CUST00445,441,7,137182.86,3,5,5,13,Champions
CUST00446,423,6,147568.94,3,4,5,12,Champions
CUST00447,441,11,132848.24,3,5,5,13,Champions
CUST00448,363,6,50536.48,5,4,2,11,Loyal Customers
CUST00449,425,3,19603.309999999998,3,1,1,5,At Risk
CUST00450,368,4,76326.25,5,2,4,11,Loyal Customers
CUST00451,132,6,79232.89,5,4,4,13,Champions
CUST00452,376,8,158509.47,4,5,5,14,Champions
CUST00453,495,3,25462.3,2,1,1,4,Lost Customers
CUST00454,592,4,5471.95,1,2,1,4,Lost Customers
CUST00455,608,3,40127.89,1,1,2,4,Lost Customers
CUST00456,528,3,73331.32,2,1,3,6,At Risk
CUST00457,613,4,74760.33,1,2,4,7,Potential Loyalists
CUST00458,438,6,85021.2,3,4,4,11,Loyal Customers
CUST00459,530,5,58178.979999999996,2,3,3,8,Potential Loyalists
CUST00460,417,7,69014.08,4,5,3,12,Champions
CUST00461,551,4,45380.66,2,2,2,6,At Risk
CUST00462,436,9,100459.09999999999,3,5,4,12,Champions
CUST00463,360,6,98250.33,5,4,4,13,Champions
CUST00464,534,2,5862.21,2,1,1,4,Lost Customers
CUST00465,539,5,53702.41,2,3,3,8,Potential Loyalists
CUST00466,533,5,38232.15,2,3,2,7,Potential Loyalists
CUST00467,365,5,69633.37999999999,5,3,3,11,Loyal Customers
CUST00468,392,8,128780.97,4,5,5,14,Champions
CUST00469,633,6,47492.78,1,4,2,7,Potential Loyalists
CUST00470,714,7,89960.48000000001,1,5,4,10,Loyal Customers
CUST00471,579,4,24337.88,1,2,1,4,Lost Customers
CUST00472,466,7,116587.55,3,5,5,13,Champions
CUST00473,436,7,158681.8,3,5,5,13,Champions
CUST00474,480,6,147349.19,2,4,5,11,Loyal Customers
CUST00475,896,2,52211.4,1,1,2,4,Lost Customers
CUST00476,351,7,115332.39,5,5,5,15,Champions
CUST00477,569,5,60096.08,1,3,3,7,Potential Loyalists
CUST00478,517,2,43293.0,2,1,2,5,At Risk
CUST00479,445,9,104844.84,3,5,5,13,Champions
CUST00480,718,3,33205.86,1,1,1,3,Lost Customers
CUST00481,403,6,64373.189999999995,4,4,3,11,Loyal Customers
CUST00482,396,4,100646.95999999999,4,2,4,10,Loyal Customers
CUST00483,619,5,31633.059999999998,1,3,1,5,At Risk
CUST00484,406,3,56132.21,4,1,3,8,Potential Loyalists
CUST00485,468,5,54918.1,3,3,3,9,Potential Loyalists
CUST00486,348,6,65572.45,5,4,3,12,Champions
CUST00487,458,2,45348.95,3,1,2,6,At Risk
CUST00488,425,7,87364.12999999999,3,5,4,12,Champions
CUST00489,462,4,55175.44,3,2,3,8,Potential Loyalists
CUST00490,632,4,62889.55,1,2,3,6,At Risk
CUST00491,454,9,125615.87,3,5,5,13,Champions
CUST00492,543,6,57883.21000000001,2,4,3,9,Potential Loyalists
CUST00493,543,4,67781.39,2,2,3,7,Potential Loyalists
CUST00494,565,2,41958.99,1,1,2,4,Lost Customers
CUST00495,411,5,83117.29,4,3,4,11,Loyal Customers
CUST00496,364,5,77254.49,5,3,4,12,Champions
CUST00497,351,3,16360.66,5,1,1,7,Potential Loyalists
CUST00498,437,5,82367.31,3,3,4,10,Loyal Customers
CUST00499,400,5,66502.48999999999,4,3,3,10,Loyal Customers
CUST00500,483,4,55759.88,2,2,3,7,Potential Loyalists
CUST00501,180,7,84695.5,5,5,4,14,Champions
CUST00502,403,3,26971.550000000003,4,1,1,6,At Risk
CUST00503,347,8,102791.78,5,5,5,15,Champions
CUST00504,346,2,35579.369999999995,5,1,2,8,Potential Loyalists
CUST00505,413,7,101353.42,4,5,4,13,Champions
CUST00506,398,5,60044.92,4,3,3,10,Loyal Customers
CUST00507,543,3,29443.4,2,1,1,4,Lost Customers
CUST00508,396,4,70101.91,4,2,3,9,Potential Loyalists
CUST00509,379,3,96572.78,4,1,4,9,Potential Loyalists
CUST00510,425,4,53612.73,3,2,3,8,Potential Loyalists
CUST00511,427,1,11268.09,3,1,1,5,At Risk
CUST00512,387,11,161331.1,4,5,5,14,Champions
CUST00513,531,4,72350.23,2,2,3,7,Potential Loyalists
CUST00514,782,3,59397.17,1,1,3,5,At Risk
CUST00515,407,10,128648.45,4,5,5,14,Champions
CUST00516,423,8,122253.09,3,5,5,13,Champions
CUST00517,489,6,80319.92,2,4,4,10,Loyal Customers
CUST00518,600,4,66698.93,1,2,3,6,At Risk
CUST00519,346,7,131732.39,5,5,5,15,Champions
CUST00520,709,3,35081.08,1,1,2,4,Lost Customers
CUST00521,503,3,24979.35,2,1,1,4,Lost Customers
CUST00522,410,3,14937.8,4,1,1,6,At Risk
CUST00523,514,6,66315.71,2,4,3,9,Potential Loyalists
CUST00524,359,9,80912.88,5,5,4,14,Champions
CUST00525,417,4,41146.159999999996,4,2,2,8,Potential Loyalists
CUST00526,363,5,37477.08,5,3,2,10,Loyal Customers
CUST00527,363,7,60668.32,5,5,3,13,Champions
CUST00528,444,3,29630.28,3,1,1,5,At Risk
CUST00529,386,3,59139.18,4,1,3,8,Potential Loyalists
CUST00530,457,2,42381.54,3,1,2,6,At Risk
CUST00531,704,5,81875.70000000001,1,3,4,8,Potential Loyalists
CUST00532,990,1,4244.48,1,1,1,3,Lost Customers
CUST00533,346,4,78683.43,5,2,4,11,Loyal Customers
CUST00534,819,1,9552.76,1,1,1,3,Lost Customers
CUST00535,400,5,45374.58,4,3,2,9,Potential Loyalists
CUST00536,349,4,54770.21,5,2,3,10,Loyal Customers
CUST00537,441,6,109432.9,3,4,5,12,Champions
CUST00538,400,5,140340.30000000002,4,3,5,12,Champions
CUST00539,534,4,53471.96,2,2,2,6,At Risk
CUST00540,658,4,52094.11,1,2,2,5,At Risk
CUST00541,413,6,103882.08,4,4,5,13,Champions
CUST00542,439,5,36605.17,3,3,2,8,Potential Loyalists
CUST00543,695,3,10607.13,1,1,1,3,Lost Customers
CUST00544,477,7,97808.16,2,5,4,11,Loyal Customers
CUST00545,573,2,44439.48,1,1,2,4,Lost Customers
CUST00546,473,5,59457.2,2,3,3,8,Potential Loyalists
CUST00547,834,5,61079.68,1,3,3,7,Potential Loyalists
CUST00548,557,3,23769.77,2,1,1,4,Lost Customers
CUST00549,702,2,34698.53,1,1,2,4,Lost Customers
CUST00550,434,3,22154.340000000004,3,1,1,5,At Risk
CUST00551,369,6,89878.34,5,4,4,13,Champions
CUST00552,443,8,113692.2,3,5,5,13,Champions
CUST00553,520,3,27930.04,2,1,1,4,Lost Customers
CUST00554,415,8,79806.81,4,5,4,13,Champions
CUST00555,423,6,40564.36,3,4,2,9,Potential Loyalists
CUST00556,355,4,37086.62,5,2,2,9,Potential Loyalists
CUST00557,555,6,90909.73000000001,2,4,4,10,Loyal Customers
CUST00558,380,6,89813.59,4,4,4,12,Champions
CUST00559,408,4,20252.29,4,2,1,7,Potential Loyalists
CUST00560,414,5,76314.69,4,3,4,11,Loyal Customers
CUST00561,175,8,31877.079999999998,5,5,1,11,Loyal Customers
CUST00562,372,6,85296.03,5,4,4,13,Champions
CUST00563,576,4,32645.120000000003,1,2,1,4,Lost Customers
CUST00564,376,6,64296.44,4,4,3,11,Loyal Customers
CUST00565,531,1,6883.09,2,1,1,4,Lost Customers
CUST00566,689,6,57232.62,1,4,3,8,Potential Loyalists
CUST00567,456,10,157219.02000000002,3,5,5,13,Champions
CUST00568,372,5,82463.37,5,3,4,12,Champions
CUST00569,379,7,59284.44,4,5,3,12,Champions
CUST00570,346,5,113873.06999999999,5,3,5,13,Champions
CUST00571,455,10,149439.56,3,5,5,13,Champions
CUST00572,558,3,53481.759999999995,2,1,2,5,At Risk
CUST00573,629,4,52749.97,1,2,2,5,At Risk
CUST00574,469,6,80046.77,2,4,4,10,Loyal Customers
CUST00575,642,4,39064.72,1,2,2,5,At Risk
CUST00576,675,4,58957.03,1,2,3,6,At Risk
CUST00577,427,4,76303.54000000001,3,2,4,9,Potential Loyalists
CUST00578,468,6,65009.31999999999,3,4,3,10,Loyal Customers
CUST00579,465,6,97436.37,3,4,4,11,Loyal Customers
CUST00580,504,4,55478.4,2,2,3,7,Potential Loyalists
CUST00581,594,4,91392.76999999999,1,2,4,7,Potential Loyalists
CUST00582,424,6,91515.42,3,4,4,11,Loyal Customers
CUST00583,641,6,56386.67,1,4,3,8,Potential Loyalists
CUST00584,418,6,48345.92,3,4,2,9,Potential Loyalists
CUST00585,433,5,51456.05,3,3,2,8,Potential Loyalists
CUST00586,471,7,126278.08,2,5,5,12,Champions
CUST00587,414,3,38330.42,4,1,2,7,Potential Loyalists
CUST00588,482,3,46421.229999999996,2,2,2,6,At Risk
CUST00589,418,3,43376.020000000004,3,2,2,7,Potential Loyalists
CUST00590,398,5,52105.060000000005,4,3,2,9,Potential Loyalists
CUST00591,362,7,91494.76,5,5,4,14,Champions
CUST00592,364,3,13175.22,5,2,1,8,Potential Loyalists
CUST00593,348,4,27362.86,5,2,1,8,Potential Loyalists
CUST00594,352,5,69526.42,5,3,3,11,Loyal Customers
CUST00595,383,7,86092.86,4,5,4,13,Champions
CUST00596,665,1,960.0,1,1,1,3,Lost Customers
CUST00597,396,5,90036.01,4,3,4,11,Loyal Customers
CUST00598,381,3,105899.18,4,2,5,11,Loyal Customers
CUST00599,834,2,67556.89,1,1,3,5,At Risk
CUST00600,366,2,34951.83,5,1,2,8,Potential Loyalists
CUST00601,40,5,72225.97,5,3,3,11,Loyal Customers
CUST00602,502,4,91560.45,2,2,4,8,Potential Loyalists
CUST00603,790,1,2640.6600000000003,1,1,1,3,Lost Customers
CUST00604,411,7,147677.96000000002,4,5,5,14,Champions
CUST00605,362,5,63519.31,5,3,3,11,Loyal Customers
CUST00606,361,5,49153.64,5,3,2,10,Loyal Customers
CUST00607,524,3,42549.74,2,2,2,6,At Risk
CUST00608,495,5,86284.17,2,3,4,9,Potential Loyalists
CUST00609,548,5,45739.81,2,3,2,7,Potential Loyalists
CUST00610,377,3,63878.240000000005,4,2,3,9,Potential Loyalists
CUST00612,421,3,12757.96,3,2,1,6,At Risk
CUST00613,674,5,103716.57,1,3,5,9,Potential Loyalists
CUST00614,540,6,33552.869999999995,2,4,1,7,Potential Loyalists
CUST00615,414,4,58526.18,4,2,3,9,Potential Loyalists
CUST00616,686,4,28783.73,1,2,1,4,Lost Customers
CUST00617,489,4,25372.77,2,2,1,5,At Risk
CUST00618,617,5,83252.2,1,3,4,8,Potential Loyalists
CUST00619,572,5,44020.56,1,3,2,6,At Risk
CUST00620,384,7,70658.53,4,5,3,12,Champions
CUST00621,426,3,36380.28,3,2,2,7,Potential Loyalists
CUST00622,481,6,105927.81,2,4,5,11,Loyal Customers
CUST00623,412,6,104377.48,4,4,5,13,Champions
CUST00624,416,7,38366.729999999996,4,5,2,11,Loyal Customers
CUST00625,444,6,47685.06,3,4,2,9,Potential Loyalists
CUST00626,367,5,81685.03,5,3,4,12,Champions
CUST00627,444,6,71748.36,3,4,3,10,Loyal Customers
CUST00628,476,5,87148.27,2,3,4,9,Potential Loyalists
CUST00629,513,4,74109.16,2,2,4,8,Potential Loyalists
CUST00630,351,8,173728.25,5,5,5,15,Champions
CUST00631,412,5,75723.53,4,3,4,11,Loyal Customers
CUST00632,634,3,50201.259999999995,1,2,2,5,At Risk
CUST00633,446,3,94469.35,3,2,4,9,Potential Loyalists
CUST00634,601,4,63226.72,1,2,3,6,At Risk
CUST00635,373,9,75853.98999999999,5,5,4,14,Champions
CUST00636,675,2,46470.31,1,1,2,4,Lost Customers
CUST00637,353,6,91408.54,5,4,4,13,Champions
CUST00638,542,4,27520.93,2,2,1,5,At Risk
CUST00639,761,4,58957.590000000004,1,2,3,6,At Risk
CUST00640,594,4,43200.24,1,2,2,5,At Risk
CUST00641,394,6,62977.229999999996,4,4,3,11,Loyal Customers
CUST00642,931,1,2667.6800000000003,1,1,1,3,Lost Customers
CUST00643,378,5,56199.17,4,3,3,10,Loyal Customers
CUST00644,368,7,117464.15000000001,5,5,5,15,Champions
CUST00645,523,6,132535.98,2,4,5,11,Loyal Customers
CUST00646,562,3,26666.73,2,2,1,5,At Risk
CUST00647,346,5,28848.57,5,3,1,9,Potential Loyalists
CUST00648,581,8,187865.22,1,5,5,11,Loyal Customers
CUST00649,419,3,29836.68,3,2,1,6,At Risk
CUST00650,638,1,10323.5,1,1,1,3,Lost Customers
CUST00651,500,2,19726.84,2,1,1,4,Lost Customers
CUST00652,351,5,31863.879999999997,5,3,1,9,Potential Loyalists
CUST00653,460,2,13079.689999999999,3,1,1,5,At Risk
CUST00654,632,5,51333.619999999995,1,3,2,6,At Risk
CUST00655,407,15,259809.78999999998,4,5,5,14,Champions
CUST00656,597,2,33875.16,1,1,1,3,Lost Customers
CUST00657,452,7,89575.48000000001,3,5,4,12,Champions
CUST00658,458,7,132950.22999999998,3,5,5,13,Champions
CUST00659,623,2,35222.69,1,1,2,4,Lost Customers
CUST00660,588,5,137654.6,1,3,5,9,Potential Loyalists
CUST00661,421,7,25588.72,3,5,1,9,Potential Loyalists
CUST00662,478,1,6584.83,2,1,1,4,Lost Customers
CUST00663,457,5,56547.01,3,3,3,9,Potential Loyalists
CUST00664,505,6,78106.2,2,4,4,10,Loyal Customers
CUST00665,492,8,56376.96,2,5,3,10,Loyal Customers
CUST00666,668,4,37361.72,1,2,2,5,At Risk
CUST00667,401,13,127364.09999999999,4,5,5,14,Champions
CUST00668,348,5,54839.64,5,3,3,11,Loyal Customers
CUST00669,617,3,27002.17,1,2,1,4,Lost Customers
CUST00670,409,8,104051.74,4,5,5,14,Champions
CUST00671,361,4,28398.44,5,2,1,8,Potential Loyalists
CUST00672,348,8,145078.09,5,5,5,15,Champions
CUST00673,376,5,57145.01,4,3,3,10,Loyal Customers
CUST00674,368,4,47336.83,5,2,2,9,Potential Loyalists
CUST00675,350,5,79066.64,5,3,4,12,Champions
CUST00676,348,10,125449.46,5,5,5,15,Champions
CUST00677,110,6,50475.75,5,4,2,11,Loyal Customers
CUST00678,456,5,91764.49,3,3,4,10,Loyal Customers
CUST00679,453,6,84498.38,3,4,4,11,Loyal Customers
CUST00680,432,4,18492.58,3,2,1,6,At Risk
CUST00681,484,5,121096.88,2,3,5,10,Loyal Customers
CUST00682,766,2,29158.629999999997,1,1,1,3,Lost Customers
CUST00683,469,10,130061.12,2,5,5,12,Champions
CUST00684,388,5,67713.85,4,3,3,10,Loyal Customers
CUST00685,447,7,91676.52,3,5,4,12,Champions
CUST00686,365,6,112962.53,5,4,5,14,Champions
CUST00687,440,6,35098.65,3,4,2,9,Potential Loyalists
CUST00688,379,5,125251.34,4,3,5,12,Champions
CUST00689,452,3,20023.149999999998,3,2,1,6,At Risk
CUST00690,385,4,61438.9,4,2,3,9,Potential Loyalists
CUST00691,537,6,145865.3,2,4,5,11,Loyal Customers
CUST00692,429,8,66567.68,3,5,3,11,Loyal Customers
CUST00693,581,2,13992.93,1,1,1,3,Lost Customers
CUST00694,604,5,51973.37,1,3,2,6,At Risk
CUST00695,510,3,52980.11,2,2,2,6,At Risk
CUST00696,360,8,128098.22,5,5,5,15,Champions
CUST00697,479,6,72020.77,2,4,3,9,Potential Loyalists
CUST00698,530,7,124148.96,2,5,5,12,Champions
CUST00699,423,3,41927.619999999995,3,2,2,7,Potential Loyalists
CUST00700,348,9,190736.03,5,5,5,15,Champions
CUST00701,527,3,11980.119999999999,2,2,1,5,At Risk
CUST00702,366,6,59821.229999999996,5,4,3,12,Champions
CUST00703,351,9,170071.86000000002,5,5,5,15,Champions
CUST00704,393,7,85482.06,4,5,4,13,Champions
CUST00705,583,5,65335.259999999995,1,3,3,7,Potential Loyalists
CUST00706,610,4,57841.4,1,2,3,6,At Risk
CUST00707,346,5,57034.72,5,3,3,11,Loyal Customers
CUST00708,319,5,86705.12,5,3,4,12,Champions
CUST00709,676,4,64205.11,1,2,3,6,At Risk
CUST00710,724,2,32599.29,1,1,1,3,Lost Customers
CUST00711,475,3,60410.759999999995,2,2,3,7,Potential Loyalists
CUST00712,481,4,28457.620000000003,2,2,1,5,At Risk
CUST00713,669,4,32055.809999999998,1,2,1,4,Lost Customers
CUST00714,408,8,115349.78,4,5,5,14,Champions
CUST00715,92,7,78895.84,5,5,4,14,Champions
CUST00716,427,2,55366.57000000001,3,1,3,7,Potential Loyalists
CUST00717,348,8,117190.86,5,5,5,15,Champions
CUST00718,398,2,19327.2,4,1,1,6,At Risk
CUST00719,441,5,66020.79000000001,3,3,3,9,Potential Loyalists
CUST00720,458,5,71658.84,3,3,3,9,Potential Loyalists
CUST00721,358,9,80167.52,5,5,4,14,Champions
CUST00722,592,4,80562.83,1,2,4,7,Potential Loyalists
CUST00723,600,2,7421.92,1,1,1,3,Lost Customers
CUST00724,439,7,79745.65,3,5,4,12,Champions
CUST00725,362,4,73075.74,5,2,3,10,Loyal Customers
CUST00726,547,4,35540.32,2,2,2,6,At Risk
CUST00727,346,7,83737.22,5,5,4,14,Champions
CUST00728,389,7,153112.44,4,5,5,14,Champions
CUST00729,476,5,106329.97,2,3,5,10,Loyal Customers
CUST00730,573,3,16155.71,1,2,1,4,Lost Customers
CUST00731,415,6,103949.84999999999,4,4,5,13,Champions
CUST00732,381,4,50518.52,4,2,2,8,Potential Loyalists
CUST00733,349,6,94340.73,5,4,4,13,Champions
CUST00734,347,3,55077.24,5,2,3,10,Loyal Customers
CUST00735,651,6,115648.36,1,4,5,10,Loyal Customers
CUST00736,606,5,93168.69,1,3,4,8,Potential Loyalists
CUST00737,353,10,175932.11,5,5,5,15,Champions
CUST00738,380,3,33426.38,4,2,1,7,Potential Loyalists
CUST00739,496,7,73485.92,2,5,3,10,Loyal Customers
CUST00740,543,3,12422.48,2,2,1,5,At Risk
CUST00741,422,11,126879.31,3,5,5,13,Champions
CUST00742,966,1,12734.699999999999,1,1,1,3,Lost Customers
CUST00743,474,3,37591.93,2,2,2,6,At Risk
CUST00744,376,7,146355.28,4,5,5,14,Champions
CUST00745,381,7,128416.53,4,5,5,14,Champions
CUST00746,349,9,141889.58,5,5,5,15,Champions
CUST00747,419,4,39506.81,3,2,2,7,Potential Loyalists
CUST00748,356,5,66851.5,5,3,3,11,Loyal Customers
CUST00749,370,5,61485.84,5,3,3,11,Loyal Customers
CUST00750,651,3,24303.79,1,2,1,4,Lost Customers
CUST00752,758,4,88295.86,1,2,4,7,Potential Loyalists
CUST00753,441,7,116697.91,3,5,5,13,Champions
CUST00754,445,4,69381.61,3,2,3,8,Potential Loyalists
CUST00755,462,4,67256.72,3,2,3,8,Potential Loyalists
CUST00756,591,3,66490.83,1,2,3,6,At Risk
CUST00757,367,4,84937.59,5,2,4,11,Loyal Customers
CUST00758,410,8,58383.0,4,5,3,12,Champions
CUST00759,462,5,95276.66,3,3,4,10,Loyal Customers
CUST00760,473,6,85145.75,2,4,4,10,Loyal Customers
CUST00761,364,5,74689.59,5,3,4,12,Champions
CUST00762,477,3,51666.17999999999,2,2,2,6,At Risk
CUST00763,403,4,48396.329999999994,4,2,2,8,Potential Loyalists
CUST00764,432,6,94623.36,3,4,4,11,Loyal Customers
CUST00765,549,3,62637.119999999995,2,2,3,7,Potential Loyalists
CUST00766,535,4,47424.85,2,2,2,6,At Risk
CUST00767,349,5,70837.29000000001,5,3,3,11,Loyal Customers
CUST00768,450,6,95549.26,3,4,4,11,Loyal Customers
CUST00769,369,5,67871.85,5,3,3,11,Loyal Customers
CUST00770,392,4,44272.81,4,2,2,8,Potential Loyalists
CUST00771,390,4,41018.91,4,2,2,8,Potential Loyalists
CUST00772,411,6,103203.10999999999,4,4,5,13,Champions
CUST00773,353,8,78604.81,5,5,4,14,Champions
CUST00774,249,6,81599.97,5,4,4,13,Champions
CUST00775,404,9,187144.49000000002,4,5,5,14,Champions
CUST00776,362,5,69220.79000000001,5,3,3,11,Loyal Customers
CUST00777,485,9,126828.41,2,5,5,12,Champions
CUST00778,480,6,95194.91,2,4,4,10,Loyal Customers
CUST00779,394,11,122333.93,4,5,5,14,Champions
CUST00780,514,3,27576.27,2,2,1,5,At Risk
CUST00781,399,7,90509.89,4,5,4,13,Champions
CUST00782,428,5,59812.98,3,3,3,9,Potential Loyalists
CUST00783,533,2,11946.570000000002,2,1,1,4,Lost Customers
CUST00784,590,5,42164.1,1,3,2,6,At Risk
CUST00785,348,5,21281.989999999998,5,3,1,9,Potential Loyalists
CUST00786,407,3,47830.369999999995,4,2,2,8,Potential Loyalists
CUST00787,356,6,62103.619999999995,5,4,3,12,Champions
CUST00788,520,4,45825.4,2,2,2,6,At Risk
CUST00789,427,4,42998.73,3,2,2,7,Potential Loyalists
CUST00790,389,5,75799.19,4,3,4,11,Loyal Customers
CUST00791,366,6,49522.57000000001,5,4,2,11,Loyal Customers
CUST00792,182,5,85641.57,5,3,4,12,Champions
CUST00793,355,5,104509.87,5,3,5,13,Champions
CUST00794,526,5,100070.5,2,3,4,9,Potential Loyalists
CUST00795,919,4,21353.53,1,2,1,4,Lost Customers
CUST00796,437,3,39940.770000000004,3,2,2,7,Potential Loyalists
CUST00797,591,2,18174.48,1,1,1,3,Lost Customers
CUST00798,382,6,129180.13,4,4,5,13,Champions
CUST00799,495,5,77429.88,2,3,4,9,Potential Loyalists
CUST00800,517,4,63615.530000000006,2,2,3,7,Potential Loyalists
CUST00801,458,5,85421.35,3,3,4,10,Loyal Customers
CUST00802,440,5,53846.05,3,3,3,9,Potential Loyalists
CUST00803,359,8,101214.49,5,5,4,14,Champions
CUST00804,494,4,64446.31,2,2,3,7,Potential Loyalists
CUST00805,367,6,53087.21,5,4,2,11,Loyal Customers
CUST00806,351,2,15257.27,5,1,1,7,Potential Loyalists
CUST00807,607,4,47037.69,1,2,2,5,At Risk
CUST00808,384,7,72555.09,4,5,3,12,Champions
CUST00809,425,5,72209.88,3,4,3,10,Loyal Customers
CUST00810,354,6,118480.75,5,4,5,14,Champions
CUST00811,424,6,84778.81,3,4,4,11,Loyal Customers
CUST00812,376,6,117874.8,4,4,5,13,Champions
CUST00813,382,8,114699.16,4,5,5,14,Champions
CUST00814,663,3,71660.72,1,2,3,6,At Risk
CUST00815,454,4,40292.11,3,3,2,8,Potential Loyalists
CUST00816,545,5,42036.4,2,4,2,8,Potential Loyalists
CUST00817,421,4,26271.61,3,3,1,7,Potential Loyalists
CUST00818,525,7,140220.76,2,5,5,12,Champions
CUST00819,490,3,48467.16,2,2,2,6,At Risk
CUST00820,530,5,61585.03,2,4,3,9,Potential Loyalists
CUST00821,347,3,43120.03,5,2,2,9,Potential Loyalists
CUST00822,425,8,117159.94,3,5,5,13,Champions
CUST00823,401,3,90434.57,4,2,4,10,Loyal Customers
CUST00824,359,7,86204.15,5,5,4,14,Champions
CUST00825,414,3,13906.46,4,2,1,7,Potential Loyalists
CUST00826,669,8,113011.84,1,5,5,11,Loyal Customers
CUST00827,409,6,86865.78,4,4,4,12,Champions
CUST00828,448,4,93172.44,3,3,4,10,Loyal Customers
CUST00829,1016,1,63572.56,1,1,3,5,At Risk
CUST00830,367,9,130442.76000000001,5,5,5,15,Champions
CUST00831,351,6,54138.92,5,4,3,12,Champions
CUST00832,446,4,26014.38,3,3,1,7,Potential Loyalists
CUST00833,521,5,18049.61,2,4,1,7,Potential Loyalists
CUST00834,470,7,65618.31,2,5,3,10,Loyal Customers
CUST00835,501,7,51559.649999999994,2,5,2,9,Potential Loyalists
CUST00836,398,5,80125.69,4,4,4,12,Champions
CUST00837,437,5,100630.25,3,4,4,11,Loyal Customers
CUST00838,420,4,105016.96,3,3,5,11,Loyal Customers
CUST00839,511,7,171766.09999999998,2,5,5,12,Champions
CUST00840,346,3,47216.350000000006,5,2,2,9,Potential Loyalists
CUST00841,449,6,78644.37999999999,3,4,4,11,Loyal Customers
CUST00842,416,5,85565.26000000001,4,4,4,12,Champions
CUST00843,473,4,13481.36,2,3,1,6,At Risk
CUST00844,667,6,108334.84000000001,1,4,5,10,Loyal Customers
CUST00845,382,7,128139.62,4,5,5,14,Champions
CUST00846,801,2,45327.34,1,1,2,4,Lost Customers
CUST00847,568,6,85206.3,1,4,4,9,Potential Loyalists
CUST00848,351,7,84585.42,5,5,4,14,Champions
CUST00849,400,4,46774.229999999996,4,3,2,9,Potential Loyalists
CUST00850,401,5,66174.18,4,4,3,11,Loyal Customers
CUST00851,358,5,85751.51,5,4,4,13,Champions
CUST00852,399,13,163741.61000000002,4,5,5,14,Champions
CUST00853,429,5,75497.83,3,4,4,11,Loyal Customers
CUST00854,398,7,120561.95999999999,4,5,5,14,Champions
CUST00855,539,5,113502.7,2,4,5,11,Loyal Customers
CUST00857,416,4,23072.89,4,3,1,8,Potential Loyalists
CUST00858,549,7,109369.73,2,5,5,12,Champions
CUST00859,442,4,105711.83,3,3,5,11,Loyal Customers
CUST00860,614,6,63031.08,1,4,3,8,Potential Loyalists
CUST00861,450,4,82521.26999999999,3,3,4,10,Loyal Customers
CUST00862,753,2,63905.7,1,1,3,5,At Risk
CUST00863,631,8,120232.59,1,5,5,11,Loyal Customers
CUST00864,349,4,71919.20999999999,5,3,3,11,Loyal Customers
CUST00865,498,4,44084.34,2,3,2,7,Potential Loyalists
CUST00866,585,5,46930.600000000006,1,4,2,7,Potential Loyalists
CUST00867,372,4,56945.4,5,3,3,11,Loyal Customers
CUST00868,368,6,117406.16999999998,5,4,5,14,Champions
CUST00869,583,7,95117.3,1,5,4,10,Loyal Customers
CUST00870,432,7,69797.86,3,5,3,11,Loyal Customers
CUST00871,365,7,67850.91,5,5,3,13,Champions
CUST00872,435,9,197197.33,3,5,5,13,Champions
CUST00873,348,4,30933.63,5,3,1,9,Potential Loyalists
CUST00874,476,4,42398.32,2,3,2,7,Potential Loyalists
CUST00875,436,6,97442.20999999999,3,4,4,11,Loyal Customers
CUST00876,460,3,33790.77,3,2,1,6,At Risk
CUST00877,450,5,43484.82,3,4,2,9,Potential Loyalists
CUST00878,379,4,41717.590000000004,4,3,2,9,Potential Loyalists
CUST00879,380,8,133548.2,4,5,5,14,Champions
CUST00881,492,7,83001.26,2,5,4,11,Loyal Customers
CUST00882,467,6,96078.82,3,4,4,11,Loyal Customers
CUST00883,455,6,97095.27,3,4,4,11,Loyal Customers
CUST00884,767,4,36379.87,1,3,2,6,At Risk
CUST00885,510,6,100746.37,2,4,4,10,Loyal Customers
CUST00886,348,4,55747.15,5,3,3,11,Loyal Customers
CUST00887,509,5,83517.69,2,4,4,10,Loyal Customers
CUST00888,427,7,145167.1,3,5,5,13,Champions
CUST00889,359,3,35537.56,5,2,2,9,Potential Loyalists
CUST00890,572,3,66470.83,1,2,3,6,At Risk
CUST00891,358,3,14623.460000000001,5,2,1,8,Potential Loyalists
CUST00892,363,6,148002.02,5,4,5,14,Champions
CUST00893,681,6,160666.06,1,4,5,10,Loyal Customers
CUST00894,424,5,56787.38,3,4,3,10,Loyal Customers
CUST00895,917,2,734.26,1,1,1,3,Lost Customers
CUST00896,394,9,107155.51,4,5,5,14,Champions
CUST00897,460,4,58059.62,3,3,3,9,Potential Loyalists
CUST00898,424,3,32947.29,3,2,1,6,At Risk
CUST00899,748,4,46829.53,1,3,2,6,At Risk
CUST00900,384,5,62836.12,4,4,3,11,Loyal Customers
CUST00901,431,4,36688.28,3,3,2,8,Potential Loyalists
CUST00902,762,3,55003.23999999999,1,2,3,6,At Risk
CUST00903,451,1,12133.779999999999,3,1,1,5,At Risk
CUST00904,493,9,194860.73,2,5,5,12,Champions
CUST00905,427,6,54307.12,3,4,3,10,Loyal Customers
CUST00906,432,3,47256.32,3,2,2,7,Potential Loyalists
CUST00907,387,3,45646.32,4,2,2,8,Potential Loyalists
CUST00908,463,4,68909.12,3,3,3,9,Potential Loyalists
CUST00909,534,3,40526.52,2,2,2,6,At Risk
CUST00910,451,4,39546.92,3,3,2,8,Potential Loyalists
CUST00911,239,6,57296.33,5,4,3,12,Champions
CUST00912,361,4,56183.130000000005,5,3,3,11,Loyal Customers
CUST00913,396,4,33151.6,4,3,1,8,Potential Loyalists
CUST00914,363,9,152318.09,5,5,5,15,Champions
CUST00915,423,7,82191.66,3,5,4,12,Champions
CUST00916,428,11,265865.13,3,5,5,13,Champions
CUST00917,391,4,79766.79999999999,4,3,4,11,Loyal Customers
CUST00918,565,4,62049.84,1,3,3,7,Potential Loyalists
CUST00919,384,4,28910.489999999998,4,3,1,8,Potential Loyalists
CUST00920,363,11,52111.44,5,5,2,12,Champions
CUST00921,468,3,14906.93,3,2,1,6,At Risk
CUST00922,357,6,108618.58,5,4,5,14,Champions
CUST00923,358,4,101546.23,5,3,4,12,Champions
CUST00924,430,4,28915.56,3,3,1,7,Potential Loyalists
CUST00925,537,6,28475.800000000003,2,4,1,7,Potential Loyalists
CUST00926,476,2,54238.07,2,1,3,6,At Risk
CUST00927,673,1,3884.18,1,1,1,3,Lost Customers
CUST00928,740,1,60426.57,1,1,3,5,At Risk
CUST00929,364,3,33397.29,5,2,1,8,Potential Loyalists
CUST00930,347,4,44825.79,5,3,2,10,Loyal Customers
CUST00931,346,3,26657.47,5,2,1,8,Potential Loyalists
CUST00932,523,3,13539.77,2,2,1,5,At Risk
CUST00933,418,6,67575.23999999999,3,4,3,10,Loyal Customers
CUST00934,469,4,35590.22,2,3,2,7,Potential Loyalists
CUST00935,515,5,55868.85,2,4,3,9,Potential Loyalists
CUST00936,364,6,101130.23000000001,5,4,4,13,Champions
CUST00937,773,2,14474.989999999998,1,1,1,3,Lost Customers
CUST00938,477,5,82493.94,2,4,4,10,Loyal Customers
CUST00939,375,2,26789.57,4,1,1,6,At Risk
CUST00940,481,4,65870.17,2,3,3,8,Potential Loyalists
CUST00941,413,7,113032.31999999999,4,5,5,14,Champions
CUST00942,654,3,33539.520000000004,1,2,1,4,Lost Customers
CUST00943,388,7,76869.75,4,5,4,13,Champions
CUST00944,452,9,65935.93,3,5,3,11,Loyal Customers
CUST00945,436,5,74149.81,3,4,4,11,Loyal Customers
CUST00946,473,8,120645.48000000001,2,5,5,12,Champions
CUST00947,637,5,81470.4,1,4,4,9,Potential Loyalists
CUST00948,642,4,35449.31,1,3,2,6,At Risk
CUST00949,421,7,44879.21,3,5,2,10,Loyal Customers
CUST00950,359,1,32251.910000000003,5,1,1,7,Potential Loyalists
CUST00951,371,10,130946.91,5,5,5,15,Champions
CUST00952,368,2,51823.77,5,1,2,8,Potential Loyalists
CUST00953,392,2,25132.690000000002,4,1,1,6,At Risk
CUST00954,455,4,30607.03,3,3,1,7,Potential Loyalists
CUST00955,368,6,57230.310000000005,5,4,3,12,Champions
CUST00956,485,5,51186.619999999995,2,4,2,8,Potential Loyalists
CUST00957,366,5,42547.479999999996,5,4,2,11,Loyal Customers
CUST00958,612,5,80605.37000000001,1,4,4,9,Potential Loyalists
CUST00959,794,2,55916.39,1,1,3,5,At Risk
CUST00960,367,3,30595.14,5,2,1,8,Potential Loyalists
CUST00961,382,3,26329.870000000003,4,2,1,7,Potential Loyalists
CUST00962,572,7,134495.32,1,5,5,11,Loyal Customers
CUST00963,369,10,98318.77,5,5,4,14,Champions
CUST00964,459,5,114498.87000000001,3,4,5,12,Champions
CUST00965,283,3,30915.43,5,2,1,8,Potential Loyalists
CUST00966,378,7,128959.75,4,5,5,14,Champions
CUST00967,390,4,53737.11,4,3,3,10,Loyal Customers
CUST00968,532,3,49995.47,2,2,2,6,At Risk
CUST00969,377,8,139601.66,4,5,5,14,Champions
CUST00970,357,9,117187.95000000001,5,5,5,15,Champions
CUST00971,400,6,71360.07,4,4,3,11,Loyal Customers
CUST00972,425,4,74671.17,3,3,4,10,Loyal Customers
CUST00973,500,3,20824.420000000002,2,2,1,5,At Risk
CUST00974,440,3,25958.02,3,2,1,6,At Risk
CUST00975,425,4,78823.59,3,3,4,10,Loyal Customers
CUST00976,554,9,109774.02,2,5,5,12,Champions
CUST00977,503,1,10649.19,2,1,1,4,Lost Customers
CUST00978,348,6,104706.76000000001,5,4,5,14,Champions
CUST00979,462,7,57241.74,3,5,3,11,Loyal Customers
CUST00980,397,5,44800.81,4,4,2,10,Loyal Customers
CUST00981,386,4,6597.42,4,3,1,8,Potential Loyalists
CUST00982,527,5,105907.07,2,4,5,11,Loyal Customers
CUST00983,429,8,189493.11000000002,3,5,5,13,Champions
CUST00984,757,1,7003.950000000001,1,1,1,3,Lost Customers
CUST00985,467,6,89073.86,3,4,4,11,Loyal Customers
CUST00986,879,2,33661.8,1,1,1,3,Lost Customers
CUST00987,409,6,78494.63,4,4,4,12,Champions
CUST00988,462,2,25225.93,3,1,1,5,At Risk
CUST00989,449,4,53429.42,3,3,2,8,Potential Loyalists
CUST00990,558,3,29853.189999999995,2,2,1,5,At Risk
CUST00991,421,10,176735.54,3,5,5,13,Champions
CUST00992,533,7,84058.22,2,5,4,11,Loyal Customers
CUST00993,395,9,93242.03,4,5,4,13,Champions
CUST00994,416,6,30503.03,4,4,1,9,Potential Loyalists
CUST00995,365,10,112544.29000000001,5,5,5,15,Champions
CUST00996,403,9,89534.82,4,5,4,13,Champions
CUST00997,457,5,58832.84,3,4,3,10,Loyal Customers
CUST00998,555,3,40254.38,2,2,2,6,At Risk
CUST00999,545,3,73601.54999999999,2,2,3,7,Potential Loyalists
CUST01000,386,7,65805.66,4,5,3,12,Champions
