order_month,total_orders,total_revenue,total_profit,unique_customers,revenue_growth,profit_growth,avg_order_value
2023-01,239,3260101.47,1375463.77,212,,,13640.591924686194
2023-02,202,2656637.17,1105764.62,182,-18.510598690046297,-19.6078701513163,13151.669158415842
2023-03,197,2939591.11,1307592.89,175,10.650831178425468,18.25237182936814,14921.782284263958
2023-04,220,3053750.32,1294126.96,198,3.883506437737183,-1.0298258810507832,13880.683272727272
2023-05,241,3337607.09,1440304.6099999999,217,9.295349660413631,11.295464395548937,13848.992074688796
2023-06,196,2848481.23,1197487.15,179,-14.654986246448798,-16.858757398547798,14533.0675
2023-07,204,2805328.56,1198721.39,186,-1.5149360840267856,0.1030691644582582,13751.610588235295
2023-08,231,3159824.97,1375803.19,201,12.636538017493404,14.772556949200677,13678.895974025974
2023-09,201,2750735.32,1201800.49,185,-12.946592101903676,-12.647354015802215,13685.250348258705
2023-10,217,3194547.5,1422318.91,197,16.134310588631994,18.3490040014878,14721.417050691245
2023-11,212,2952834.09,1296602.09,192,-7.566436561046597,-8.838863008578002,13928.462688679245
2023-12,208,2515808.54,1110782.08,188,-14.800206739688504,-14.331305759348268,12095.233365384616
2024-01,200,3104849.14,1364472.45,184,23.413570255230944,22.838896536753616,15524.245700000001
2024-02,208,2883124.52,1245258.84,190,-7.141236498208736,-8.736974498825523,13861.175576923077
2024-03,248,3263820.4,1391383.66,218,13.204281582676835,11.734493689681402,13160.566129032257
2024-04,224,3015815.02,1278667.93,204,-7.5986221545768835,-8.10098129224832,13463.459910714286
2024-05,239,3460729.38,1479537.76,218,14.752707213455007,15.709303822142484,14480.039246861925
2024-06,200,2805094.66,1210664.6,184,-18.944986677923936,-18.172781207016975,14025.473300000001
2024-07,206,3003906.56,1276359.1199999999,186,7.087529088947031,5.42631873435464,14582.07067961165
2024-08,235,3229101.56,1363930.51,212,7.496737847930923,6.8610306165243,13740.85770212766
2024-09,224,3099612.36,1372685.6,204,-4.010068980301762,0.6419014704788895,13837.555178571429
2024-10,203,3230098.82,1432076.75,188,4.209767056161828,4.326638962337759,15911.81684729064
2024-11,209,2823387.03,1213266.55,185,-12.591311060879562,-15.27922298857236,13509.02885167464
2024-12,13,239302.23,103841.14,13,-91.52428528369346,-91.44119319864213,18407.863846153847
2025-02,1,3622.68,1349.3199999999997,1,-98.4861486664792,-98.70059207747526,3622.68
2025-03,5,73438.58,31926.32,5,1927.189263197412,2266.104408146326,14687.716
2025-04,2,36136.58,16567.1,2,-50.7934657777969,-48.10833193427868,18068.29
2025-05,4,35571.4,11932.199999999999,4,-1.5640107613946852,-27.976531800979053,8892.85
2025-06,2,34499.86,16067.15,2,-3.0123638653525076,34.65371012889493,17249.93
2025-07,3,13485.630000000001,3726.570000000001,3,-60.911058769513836,-76.80627864929373,4495.21
2025-08,1,13954.82,6891.41,1,3.47918488049872,84.92635318805222,13954.82
2025-09,1,48038.59,23648.290000000005,1,244.24370934200513,243.15604498934186,48038.59
2025-10,2,19375.989999999998,7303.8,2,-59.66578119799104,-69.1148916052704,9687.994999999999
2025-11,2,24489.579999999994,13109.71,2,26.3913740665638,79.49163449163447,12244.789999999997
