product_id,total_quantity,total_revenue,avg_selling_price,order_count,product_name,category,subcategory,cost_price,total_cost,total_profit,profit_margin,refund_count,refund_rate
PROD00001,69,624234.8,9272.65,38,Smartphone Variant 1,Electronics,Smartphone,4549.17,313892.73,310342.07000000007,49.71559900217034,2.0,2.898550724637681
PROD00002,58,12901.32,231.58000000000004,36,Smartphone Variant 2,Electronics,Smartphone,137.27,7961.660000000001,4939.659999999999,38.28802014057476,1.0,1.7241379310344827
PROD00003,47,130648.04000000001,2902.0,26,Smartphone Variant 3,Electronics,Smartphone,1411.28,66330.16,64317.880000000005,49.229885117296824,1.0,2.127659574468085
PROD00004,48,187127.36000000002,4097.38,34,Laptop Variant 1,Electronics,Laptop,3399.17,163160.16,23967.20000000001,12.807961379885876,6.0,12.5
PROD00005,62,14270.75,246.43,39,Laptop Variant 2,Electronics,Laptop,176.1,10918.199999999999,3352.550000000001,23.492458350121762,2.0,3.225806451612903
PROD00006,42,332507.48,8153.69,31,Laptop Variant 3,Electronics,Laptop,4118.17,172963.14,159544.33999999997,47.98218073169361,3.0,7.142857142857142
PROD00007,48,333905.02999999997,7518.69,30,Tablet Variant 1,Electronics,Tablet,4964.86,238313.27999999997,95591.75,28.62842467512394,1.0,2.083333333333333
PROD00008,64,322249.97000000003,5338.8,35,Tablet Variant 2,Electronics,Tablet,3119.71,199661.44,122588.53000000003,38.041440314175986,0.0,0.0
PROD00009,63,324190.64,5332.96,34,Tablet Variant 3,Electronics,Tablet,2202.6,138763.8,185426.84000000003,57.1968518276777,1.0,1.5873015873015872
PROD00010,63,134577.6,2259.53,39,Headphones Variant 1,Electronics,Headphones,951.21,59926.23,74651.37,55.470873310268566,0.0,0.0
PROD00011,55,136584.07,2615.05,38,Headphones Variant 2,Electronics,Headphones,1231.75,67746.25,68837.82,50.39959638045638,1.0,1.8181818181818181
PROD00012,51,339654.6,7089.430000000001,30,Headphones Variant 3,Electronics,Headphones,3194.06,162897.06,176757.53999999998,52.04037866703409,3.0,5.88235294117647
PROD00013,45,447543.8,10508.19,31,Smartwatch Variant 1,Electronics,Smartwatch,4591.66,206624.69999999998,240919.1,53.83140152986143,1.0,2.2222222222222223
PROD00014,39,53712.979999999996,1451.31,30,Smartwatch Variant 2,Electronics,Smartwatch,1098.44,42839.16,10873.819999999992,20.2443059387135,1.0,2.564102564102564
PROD00015,60,307278.02999999997,5418.41,37,Smartwatch Variant 3,Electronics,Smartwatch,3873.16,232389.59999999998,74888.43,24.371553670791236,0.0,0.0
PROD00016,49,279425.2,6005.27,31,Camera Variant 1,Electronics,Camera,4610.91,225934.59,53490.610000000015,19.14308730923339,1.0,2.0408163265306123
PROD00017,47,410907.02,9163.85,33,Camera Variant 2,Electronics,Camera,3697.43,173779.21,237127.81000000003,57.708386194034844,1.0,2.127659574468085
PROD00018,49,133094.96,2803.77,30,Camera Variant 3,Electronics,Camera,1854.79,90884.70999999999,42210.25,31.714386480149216,0.0,0.0
PROD00019,38,85677.45,2406.67,27,Speaker Variant 1,Electronics,Speaker,1049.76,39890.88,45786.57,53.44063111122005,1.0,2.631578947368421
PROD00020,71,552140.77,7970.85,40,Speaker Variant 2,Electronics,Speaker,3874.92,275119.32,277021.45,50.172250457070945,1.0,1.4084507042253522
PROD00021,51,316649.32,6443.82,37,Speaker Variant 3,Electronics,Speaker,3174.45,161896.94999999998,154752.37000000002,48.871846621998124,2.0,3.9215686274509802
PROD00022,72,103823.67,1547.99,39,Monitor Variant 1,Electronics,Monitor,643.56,46336.31999999999,57487.350000000006,55.37017714746552,2.0,2.7777777777777777
PROD00023,64,209919.44,3506.84,41,Monitor Variant 2,Electronics,Monitor,1484.07,94980.48,114938.96,54.753842712232846,2.0,3.125
PROD00024,50,471392.07,10115.71,33,Monitor Variant 3,Electronics,Monitor,4238.66,211933.0,259459.07,55.04103410140099,2.0,4.0
PROD00025,63,189070.94999999998,3078.83,35,Keyboard Variant 1,Electronics,Keyboard,2506.08,157883.04,31187.909999999974,16.49534738149884,2.0,3.1746031746031744
PROD00026,33,30529.68,992.19,24,Keyboard Variant 2,Electronics,Keyboard,473.93,15639.69,14889.99,48.77217841785436,0.0,0.0
PROD00027,40,226021.4,5723.510000000001,27,Keyboard Variant 3,Electronics,Keyboard,3204.4,128176.0,97845.4,43.29032560633639,0.0,0.0
PROD00028,52,10775.73,214.4,36,Mouse Variant 1,Electronics,Mouse,149.69,7783.88,2991.8499999999995,27.764708284264728,1.0,1.9230769230769231
PROD00029,61,336383.78,5799.72,39,Mouse Variant 2,Electronics,Mouse,4288.56,261602.16000000003,74781.62,22.231042174506747,1.0,1.639344262295082
PROD00030,55,256029.59,4937.89,29,Mouse Variant 3,Electronics,Mouse,2471.16,135913.8,120115.79000000001,46.9148077767105,1.0,1.8181818181818181
PROD00031,38,146608.49,4066.81,28,T-Shirt Variant 1,Fashion,T-Shirt,2656.57,100949.66,45658.82999999999,31.14337375686769,1.0,2.631578947368421
PROD00032,62,17817.29,301.12,43,T-Shirt Variant 2,Fashion,T-Shirt,244.82,15178.84,2638.4500000000007,14.808368724985677,1.0,1.6129032258064515
PROD00033,59,110155.34,1942.09,38,T-Shirt Variant 3,Fashion,T-Shirt,1159.9,68434.1,41721.23999999999,37.874913735457575,2.0,3.389830508474576
PROD00034,54,131336.58000000002,2533.01,40,Jeans Variant 1,Fashion,Jeans,1704.94,92066.76000000001,39269.82000000001,29.90013901686796,1.0,1.8518518518518516
PROD00035,53,125675.40000000001,2576.9,39,Jeans Variant 2,Fashion,Jeans,1411.19,74793.07,50882.33,40.48710407923905,3.0,5.660377358490567
PROD00036,63,450367.01,7308.780000000001,38,Jeans Variant 3,Fashion,Jeans,3569.61,224885.43000000002,225481.58,50.06618490994711,1.0,1.5873015873015872
PROD00037,60,318697.44,5435.74,38,Jacket Variant 1,Fashion,Jacket,2236.7,134202.0,184495.44,57.89046815060704,2.0,3.3333333333333335
PROD00038,47,87284.16,1983.28,36,Jacket Variant 2,Fashion,Jacket,947.5,44532.5,42751.66,48.97986072157881,1.0,2.127659574468085
PROD00039,51,310581.69,6419.629999999999,29,Jacket Variant 3,Fashion,Jacket,4813.17,245471.67,65110.01999999999,20.963895199359627,3.0,5.88235294117647
PROD00040,54,191052.69,3631.49,38,Sneakers Variant 1,Fashion,Sneakers,1626.77,87845.58,103207.11,54.020233894639226,2.0,3.7037037037037033
PROD00041,72,271530.68,3958.75,44,Sneakers Variant 2,Fashion,Sneakers,2224.01,160128.72000000003,111401.95999999996,41.02739329493079,1.0,1.3888888888888888
PROD00042,50,393260.88,8235.83,32,Sneakers Variant 3,Fashion,Sneakers,4097.87,204893.5,188367.38,47.89883499218127,4.0,8.0
PROD00043,55,92323.76000000001,1789.22,39,Watch Variant 1,Fashion,Watch,1078.63,59324.65000000001,32999.11,35.74281420080811,2.0,3.6363636363636362
PROD00044,47,240082.18,5424.36,32,Watch Variant 2,Fashion,Watch,2302.08,108197.76,131884.41999999998,54.933031681068535,3.0,6.382978723404255
PROD00045,52,231067.07,4706.05,35,Watch Variant 3,Fashion,Watch,2975.66,154734.32,76332.75,33.03488896102763,4.0,7.6923076923076925
PROD00046,49,422831.74,8988.77,32,Sunglasses Variant 1,Fashion,Sunglasses,4756.85,233085.65000000002,189746.08999999997,44.87508198887812,4.0,8.16326530612245
PROD00047,52,80432.25,1589.57,34,Sunglasses Variant 2,Fashion,Sunglasses,981.53,51039.56,29392.690000000002,36.54341386695014,1.0,1.9230769230769231
PROD00048,58,107086.54000000001,1926.7100000000003,34,Sunglasses Variant 3,Fashion,Sunglasses,1302.06,75519.48,31567.060000000012,29.478083800260997,0.0,0.0
PROD00049,57,289188.70999999996,5326.74,33,Backpack Variant 1,Fashion,Backpack,3919.62,223418.34,65770.36999999997,22.74306282565456,3.0,5.263157894736842
PROD00050,62,308415.56,5338.68,36,Backpack Variant 2,Fashion,Backpack,3612.33,223964.46,84451.1,27.382243619615043,1.0,1.6129032258064515
PROD00051,62,516974.5,8693.03,36,Backpack Variant 3,Fashion,Backpack,4503.85,279238.7,237735.8,45.98598190046124,0.0,0.0
PROD00052,37,58787.44,1689.78,24,Belt Variant 1,Fashion,Belt,1139.66,42167.420000000006,16620.019999999997,28.271379056478725,0.0,0.0
PROD00053,79,532994.85,7229.99,44,Belt Variant 2,Fashion,Belt,3078.73,243219.67,289775.17999999993,54.36735082899956,2.0,2.5316455696202533
PROD00054,65,376342.84,5941.629999999999,46,Belt Variant 3,Fashion,Belt,2912.35,189302.75,187040.09000000003,49.699388461861005,2.0,3.076923076923077
PROD00055,41,105922.81,2678.2,26,Hat Variant 1,Fashion,Hat,1657.14,67942.74,37980.06999999999,35.856365593020044,0.0,0.0
PROD00056,64,379576.19,6326.27,39,Hat Variant 2,Fashion,Hat,2543.39,162776.96,216799.23,57.11612996589697,3.0,4.6875
PROD00057,63,273003.20999999996,4595.24,37,Hat Variant 3,Fashion,Hat,2318.65,146074.95,126928.25999999995,46.49332145215434,5.0,7.936507936507936
PROD00058,48,205718.67,4592.96,31,Scarf Variant 1,Fashion,Scarf,2924.43,140372.63999999998,65346.03000000003,31.764754263674767,3.0,6.25
PROD00059,69,777568.36,11784.91,35,Scarf Variant 2,Fashion,Scarf,4940.98,340927.62,436640.74,56.154643432250765,2.0,2.898550724637681
PROD00060,55,28692.300000000003,532.72,36,Scarf Variant 3,Fashion,Scarf,281.34,15473.699999999999,13218.600000000004,46.07020001882039,1.0,1.8181818181818181
PROD00061,53,213474.72,4205.57,33,Blender Variant 1,Home & Kitchen,Blender,3259.4,172748.2,40726.51999999999,19.07791236358103,1.0,1.8867924528301887
PROD00062,59,321936.51,5673.89,40,Blender Variant 2,Home & Kitchen,Blender,3643.94,214992.46,106944.05000000002,33.21898780601182,3.0,5.084745762711865
PROD00063,65,67253.12,1083.33,32,Blender Variant 3,Home & Kitchen,Blender,490.86,31905.9,35347.219999999994,52.558483532065125,1.0,1.5384615384615385
PROD00064,40,164285.71000000002,4268.27,27,Mixer Variant 1,Home & Kitchen,Mixer,2027.3,81092.0,83193.71000000002,50.639650886251765,2.0,5.0
PROD00065,49,307111.7,6570.64,32,Mixer Variant 2,Home & Kitchen,Mixer,4839.05,237113.45,69998.25,22.792440014496353,2.0,4.081632653061225
PROD00066,63,54999.45,899.86,39,Mixer Variant 3,Home & Kitchen,Mixer,603.44,38016.72,16982.729999999996,30.877999689087794,3.0,4.761904761904762
PROD00067,48,46271.88,996.38,32,Cookware Set Variant 1,Home & Kitchen,Cookware Set,615.16,29527.68,16744.199999999997,36.18655650040586,1.0,2.083333333333333
PROD00068,60,92159.44,1589.23,39,Cookware Set Variant 2,Home & Kitchen,Cookware Set,1209.07,72544.2,19615.240000000005,21.284026899469012,3.0,5.0
PROD00069,56,76509.83,1481.7277142857142,34,Cookware Set Variant 3,Home & Kitchen,Cookware Set,4099.12,229550.72,-153040.89,-200.02774806845082,3.0,5.357142857142857
PROD00070,49,298666.65,6693.56,32,Knife Set Variant 1,Home & Kitchen,Knife Set,4353.27,213310.23,85356.42000000001,28.57916007696206,0.0,0.0
PROD00071,54,27519.06,534.87,41,Knife Set Variant 2,Home & Kitchen,Knife Set,335.22,18101.88,9417.18,34.220572941081564,4.0,7.4074074074074066
PROD00072,49,324445.82,6999.91,36,Knife Set Variant 3,Home & Kitchen,Knife Set,3102.48,152021.52,172424.30000000002,53.14425071033432,3.0,6.122448979591836
PROD00073,52,451027.52,9071.35,34,Coffee Maker Variant 1,Home & Kitchen,Coffee Maker,4631.81,240854.12000000002,210173.4,46.59879734167884,1.0,1.9230769230769231
PROD00074,57,500213.17,9420.21,35,Coffee Maker Variant 2,Home & Kitchen,Coffee Maker,4323.29,246427.53,253785.63999999998,50.735497428026534,5.0,8.771929824561402
PROD00075,60,381254.0,6662.95,33,Coffee Maker Variant 3,Home & Kitchen,Coffee Maker,3220.83,193249.8,188004.2,49.312059676750934,3.0,5.0
PROD00076,49,278660.63,6038.15,37,Toaster Variant 1,Home & Kitchen,Toaster,2931.64,143650.36,135010.27000000002,48.449711033811994,2.0,4.081632653061225
PROD00077,52,350253.87,7101.66,27,Toaster Variant 2,Home & Kitchen,Toaster,3885.96,202069.92,148183.94999999998,42.30758392476862,0.0,0.0
PROD00078,55,104973.20999999999,2028.8599999999997,35,Toaster Variant 3,Home & Kitchen,Toaster,1551.55,85335.25,19637.959999999992,18.70759215613202,2.0,3.6363636363636362
PROD00079,55,386757.17,7182.12,34,Vacuum Cleaner Variant 1,Home & Kitchen,Vacuum Cleaner,3331.46,183230.3,203526.87,52.62394230467661,2.0,3.6363636363636362
PROD00080,61,50661.45,862.91,39,Vacuum Cleaner Variant 2,Home & Kitchen,Vacuum Cleaner,468.21,28560.809999999998,22100.64,43.624175778624576,2.0,3.278688524590164
PROD00081,69,172881.64,2624.19,36,Vacuum Cleaner Variant 3,Home & Kitchen,Vacuum Cleaner,1159.06,79975.14,92906.50000000001,53.73994601161812,3.0,4.3478260869565215
PROD00082,52,202163.58,3992.96,36,Iron Variant 1,Home & Kitchen,Iron,1768.21,91946.92,110216.65999999999,54.51855373752284,1.0,1.9230769230769231
PROD00083,58,512073.3,9425.24,34,Iron Variant 2,Home & Kitchen,Iron,4306.45,249774.09999999998,262299.2,51.222979210202915,0.0,0.0
PROD00084,46,341171.01999999996,7622.23,34,Iron Variant 3,Home & Kitchen,Iron,3310.92,152302.32,188868.69999999995,55.35895164835512,2.0,4.3478260869565215
PROD00085,59,112554.02,1960.53,40,Fan Variant 1,Home & Kitchen,Fan,1172.05,69150.95,43403.07000000001,38.5619900559749,1.0,1.694915254237288
PROD00086,47,258373.53,5791.83,34,Fan Variant 2,Home & Kitchen,Fan,2615.97,122950.59,135422.94,52.41362766534172,2.0,4.25531914893617
PROD00087,42,180817.09,4546.57,28,Fan Variant 3,Home & Kitchen,Fan,2173.16,91272.72,89544.37,49.52207227757066,2.0,4.761904761904762
PROD00088,45,197857.52,4559.98,30,Light Variant 1,Home & Kitchen,Light,3277.08,147468.6,50388.919999999984,25.46727564360454,3.0,6.666666666666667
PROD00089,53,40019.32,781.78,32,Light Variant 2,Home & Kitchen,Light,639.98,33918.94,6100.379999999997,15.24358734731124,2.0,3.7735849056603774
PROD00090,66,31227.26,494.6499999999999,41,Light Variant 3,Home & Kitchen,Light,240.07,15844.619999999999,15382.64,49.26029373054185,2.0,3.0303030303030303
PROD00091,58,73476.94,1302.09,34,Face Wash Variant 1,Beauty,Face Wash,679.8,39428.399999999994,34048.54000000001,46.3390827108478,1.0,1.7241379310344827
PROD00092,52,77374.04,1552.76,36,Face Wash Variant 2,Beauty,Face Wash,838.04,43578.08,33795.95999999999,43.6786808598853,2.0,3.8461538461538463
PROD00093,58,213219.63,3802.74,36,Face Wash Variant 3,Beauty,Face Wash,2262.57,131229.06,81990.57,38.45357484205371,0.0,0.0
PROD00094,70,431412.4,6449.58,45,Moisturizer Variant 1,Beauty,Moisturizer,3686.81,258076.69999999998,173335.70000000004,40.17865504097704,1.0,1.4285714285714286
PROD00095,50,72015.20999999999,1505.02,31,Moisturizer Variant 2,Beauty,Moisturizer,965.56,48278.0,23737.209999999992,32.961384129824786,2.0,4.0
PROD00096,59,267354.20999999996,4639.15,39,Moisturizer Variant 3,Beauty,Moisturizer,2224.47,131243.72999999998,136110.47999999998,50.910168947779056,2.0,3.389830508474576
PROD00097,70,99182.25,1492.36,38,Sunscreen Variant 1,Beauty,Sunscreen,1175.94,82315.8,16866.449999999997,17.005512579115717,2.0,2.857142857142857
PROD00098,58,133168.93,2402.47,33,Sunscreen Variant 2,Beauty,Sunscreen,1269.96,73657.68000000001,59511.249999999985,44.68853958652366,2.0,3.4482758620689653
PROD00099,40,232455.11,6088.4,25,Sunscreen Variant 3,Beauty,Sunscreen,3527.61,141104.4,91350.70999999999,39.29821547050525,1.0,2.5
PROD00100,52,435076.69,8661.69,34,Shampoo Variant 1,Beauty,Shampoo,3696.23,192203.96,242872.73,55.822969968811705,1.0,1.9230769230769231
PROD00101,70,92023.84,1373.9,47,Shampoo Variant 2,Beauty,Shampoo,938.04,65662.8,26361.039999999994,28.645881328142785,2.0,2.857142857142857
PROD00102,69,429294.92,6509.4,38,Shampoo Variant 3,Beauty,Shampoo,3021.94,208513.86000000002,220781.05999999997,51.42876137458137,2.0,2.898550724637681
PROD00103,74,644184.29,9136.07,41,Conditioner Variant 1,Beauty,Conditioner,4548.13,336561.62,307622.67000000004,47.753829886165036,2.0,2.7027027027027026
PROD00104,63,119149.51,2043.03,41,Conditioner Variant 2,Beauty,Conditioner,1269.24,79962.12,39187.39,32.88925821012609,1.0,1.5873015873015872
PROD00105,62,182536.32,3095.41,36,Conditioner Variant 3,Beauty,Conditioner,1727.56,107108.72,75427.6,41.321968143107085,4.0,6.451612903225806
PROD00106,48,176278.62,3963.99,27,Perfume Variant 1,Beauty,Perfume,2425.54,116425.92,59852.7,33.95346525857759,1.0,2.083333333333333
PROD00107,67,415704.42,6282.37,38,Perfume Variant 2,Beauty,Perfume,4418.16,296016.72,119687.70000000001,28.79153894971817,4.0,5.970149253731343
PROD00108,47,328368.72,7407.37,34,Perfume Variant 3,Beauty,Perfume,3010.63,141499.61000000002,186869.10999999996,56.90831635851307,0.0,0.0
PROD00109,55,424001.70999999996,7944.57,34,Lipstick Variant 1,Beauty,Lipstick,4378.77,240832.35000000003,183169.35999999993,43.20014652771093,1.0,1.8181818181818181
PROD00110,36,246698.54,7163.14,21,Lipstick Variant 2,Beauty,Lipstick,2879.61,103665.96,143032.58000000002,57.97868929422931,0.0,0.0
PROD00111,38,206788.46,5596.439999999999,27,Lipstick Variant 3,Beauty,Lipstick,2565.42,97485.96,109302.49999999999,52.857156535717706,0.0,0.0
PROD00112,36,117071.61,3435.1999999999994,24,Foundation Variant 1,Beauty,Foundation,1592.55,57331.799999999996,59739.810000000005,51.028434647819395,1.0,2.7777777777777777
PROD00113,64,211223.59,3472.93,43,Foundation Variant 2,Beauty,Foundation,1818.83,116405.12,94818.47,44.89009489896465,3.0,4.6875
PROD00114,58,123875.19,2295.26,33,Foundation Variant 3,Beauty,Foundation,1885.02,109331.16,14544.029999999999,11.740874020051956,1.0,1.7241379310344827
PROD00115,50,152419.22,3250.57,32,Serum Variant 1,Beauty,Serum,1735.32,86766.0,65653.22,43.07410837032233,1.0,2.0
PROD00116,56,207716.68,3835.95,31,Serum Variant 2,Beauty,Serum,2473.34,138507.04,69209.63999999998,33.31925004770921,3.0,5.357142857142857
PROD00117,66,31213.52,498.3,40,Serum Variant 3,Beauty,Serum,201.56,13302.960000000001,17910.559999999998,57.380776022697844,1.0,1.5151515151515151
PROD00118,45,364367.14999999997,8273.55,25,Cream Variant 1,Beauty,Cream,4971.03,223696.34999999998,140670.8,38.60688319460193,2.0,4.444444444444445
PROD00119,60,527404.71,9197.85,44,Cream Variant 2,Beauty,Cream,3730.96,223857.6,303547.11,57.554872803468136,2.0,3.3333333333333335
PROD00120,62,75653.65000000001,1288.16,36,Cream Variant 3,Beauty,Cream,537.44,33321.280000000006,42332.37,55.95548925927566,1.0,1.6129032258064515
PROD00121,66,713362.53,11305.27,40,Cricket Bat Variant 1,Sports,Cricket Bat,4830.72,318827.52,394535.01,55.3063825766122,2.0,3.0303030303030303
PROD00122,39,433219.14,11549.43,32,Cricket Bat Variant 2,Sports,Cricket Bat,4937.93,192579.27000000002,240639.87,55.54691558641661,4.0,10.256410256410255
PROD00123,58,164150.82,2950.23,39,Cricket Bat Variant 3,Sports,Cricket Bat,1809.34,104941.72,59209.100000000006,36.06993860889638,1.0,1.7241379310344827
PROD00124,52,98948.35,2025.1400000000003,34,Football Variant 1,Sports,Football,1615.68,84015.36,14932.990000000005,15.091701882851009,3.0,5.769230769230769
PROD00125,50,260912.38,5694.29,29,Football Variant 2,Sports,Football,4187.44,209371.99999999997,51540.380000000034,19.753903590163116,2.0,4.0
PROD00126,52,536330.22,10802.22,37,Football Variant 3,Sports,Football,4843.95,251885.4,284444.81999999995,53.035389279388355,0.0,0.0
PROD00127,65,329402.06,5321.52,37,Tennis Racket Variant 1,Sports,Tennis Racket,2544.74,165408.09999999998,163993.96000000002,49.78534742618186,0.0,0.0
PROD00128,62,253329.52000000002,4199.76,39,Tennis Racket Variant 2,Sports,Tennis Racket,2663.61,165143.82,88185.70000000001,34.8106687290135,5.0,8.064516129032258
PROD00129,53,128473.62,2500.46,34,Tennis Racket Variant 3,Sports,Tennis Racket,1587.86,84156.58,44317.03999999999,34.49505042358112,3.0,5.660377358490567
PROD00130,56,179394.18,3445.25,32,Yoga Mat Variant 1,Sports,Yoga Mat,2323.91,130138.95999999999,49255.22,27.456420269598492,2.0,3.571428571428571
PROD00131,71,39046.369999999995,576.16,46,Yoga Mat Variant 2,Sports,Yoga Mat,360.65,25606.149999999998,13440.219999999998,34.42117666763902,0.0,0.0
PROD00132,47,235839.79,5296.2,35,Yoga Mat Variant 3,Sports,Yoga Mat,4187.14,196795.58000000002,39044.20999999999,16.555395508111665,2.0,4.25531914893617
PROD00133,69,469243.14,7313.640000000001,40,Dumbbells Variant 1,Sports,Dumbbells,3947.79,272397.51,196845.63,41.949602076228544,4.0,5.797101449275362
PROD00134,75,80553.76,1127.73,45,Dumbbells Variant 2,Sports,Dumbbells,859.68,64475.99999999999,16077.760000000002,19.959043500886864,1.0,1.3333333333333335
PROD00135,50,101264.15999999999,2086.2,36,Dumbbells Variant 3,Sports,Dumbbells,1063.96,53198.0,48066.15999999999,47.466112393565496,2.0,4.0
PROD00136,64,37460.16,621.23,34,Resistance Bands Variant 1,Sports,Resistance Bands,257.47,16478.08,20982.08,56.01172018485773,3.0,4.6875
PROD00137,43,236916.84,5635.51,30,Resistance Bands Variant 2,Sports,Resistance Bands,3221.52,138525.36,98391.48000000001,41.529964691408175,0.0,0.0
PROD00138,58,591392.49,10725.29,41,Resistance Bands Variant 3,Sports,Resistance Bands,4475.86,259599.87999999998,331792.61,56.10362248597374,1.0,1.7241379310344827
PROD00139,57,323183.76,5962.8,36,Running Shoes Variant 1,Sports,Running Shoes,2863.15,163199.55000000002,159984.21,49.50255235597234,0.0,0.0
PROD00140,42,68095.68000000001,1718.72,26,Running Shoes Variant 2,Sports,Running Shoes,781.96,32842.32,35253.36000000001,51.7703325673523,1.0,2.380952380952381
PROD00141,51,219225.69,4481.31,34,Running Shoes Variant 3,Sports,Running Shoes,2815.99,143615.49,75610.20000000001,34.48966222891122,1.0,1.9607843137254901
PROD00142,41,331354.14,8354.87,25,Bottle Variant 1,Sports,Bottle,4642.88,190358.08000000002,140996.06,42.55147076176564,4.0,9.75609756097561
PROD00143,44,46024.549999999996,1075.34,30,Bottle Variant 2,Sports,Bottle,570.61,25106.84,20917.709999999995,45.44902666077126,2.0,4.545454545454546
PROD00144,55,526832.4099999999,9953.38,36,Bottle Variant 3,Sports,Bottle,4680.91,257450.05,269382.3599999999,51.13245785315296,2.0,3.6363636363636362
PROD00145,50,275156.62,5845.69,34,Bag Variant 1,Sports,Bag,2386.11,119305.5,155851.12,56.640876021808964,1.0,2.0
PROD00146,58,28441.32,504.09999999999997,38,Bag Variant 2,Sports,Bag,229.47,13309.26,15132.06,53.204492618486064,4.0,6.896551724137931
PROD00147,49,235286.66,4961.76,28,Bag Variant 3,Sports,Bag,3114.52,152611.48,82675.18,35.13806520097654,2.0,4.081632653061225
PROD00148,52,195565.26,3870.28,33,Gloves Variant 1,Sports,Gloves,1928.24,100268.48,95296.78000000001,48.72888978338995,1.0,1.9230769230769231
PROD00149,57,45591.29,832.87,33,Gloves Variant 2,Sports,Gloves,362.33,20652.809999999998,24938.480000000003,54.70009732122079,0.0,0.0
PROD00150,56,15366.92,290.6,37,Gloves Variant 3,Sports,Gloves,129.17,7233.5199999999995,8133.400000000001,52.92797776001957,0.0,0.0
PROD00151,63,328323.98,5518.05,40,Fiction Variant 1,Books,Fiction,4212.07,265360.41,62963.57000000001,19.177268136186708,2.0,3.1746031746031744
PROD00152,69,80325.73,1231.99,41,Fiction Variant 2,Books,Fiction,624.54,43093.259999999995,37232.47,46.35186010758944,1.0,1.4492753623188406
PROD00153,52,199026.22,4010.2,34,Fiction Variant 3,Books,Fiction,2459.19,127877.88,71148.34,35.74822453041614,0.0,0.0
PROD00154,51,266421.49,5526.27,37,Non-Fiction Variant 1,Books,Non-Fiction,2964.63,151196.13,115225.35999999999,43.249273923060784,2.0,3.9215686274509802
PROD00155,28,40849.65,1532.82,20,Non-Fiction Variant 2,Books,Non-Fiction,1104.82,30934.96,9914.690000000002,24.27117490602735,2.0,7.142857142857142
PROD00156,51,90513.92,1816.09,32,Non-Fiction Variant 3,Books,Non-Fiction,768.37,39186.87,51327.049999999996,56.70625026515258,3.0,5.88235294117647
PROD00157,43,103042.02,2525.54,27,Self-Help Variant 1,Books,Self-Help,1574.37,67697.90999999999,35344.110000000015,34.300676558941696,3.0,6.976744186046512
PROD00158,68,525428.02,8138.6,45,Self-Help Variant 2,Books,Self-Help,4047.52,275231.36,250196.66000000003,47.617685101757615,3.0,4.411764705882353
PROD00159,63,11790.62,198.83,44,Self-Help Variant 3,Books,Self-Help,100.17,6310.71,5479.910000000001,46.47686041955385,5.0,7.936507936507936
PROD00160,66,112519.72,1750.19,43,Textbook Variant 1,Books,Textbook,1311.31,86546.45999999999,25973.26000000001,23.083295976918546,2.0,3.0303030303030303
PROD00161,43,118894.14,2894.21,30,Textbook Variant 2,Books,Textbook,2274.7,97812.09999999999,21082.040000000008,17.73177382838213,3.0,6.976744186046512
PROD00162,51,171578.77000000002,3555.3,30,Textbook Variant 3,Books,Textbook,2470.23,125981.73,45597.04000000002,26.57498943488173,1.0,1.9607843137254901
PROD00163,52,140291.59,2745.97,37,Comics Variant 1,Books,Comics,1375.33,71517.16,68774.43,49.022489516299586,1.0,1.9230769230769231
PROD00164,52,265497.44,5504.82,33,Comics Variant 2,Books,Comics,3124.08,162452.16,103045.28,38.812155778225204,4.0,7.6923076923076925
PROD00165,54,87715.62,1721.94,39,Comics Variant 3,Books,Comics,794.26,42890.04,44825.579999999994,51.103304063746,1.0,1.8518518518518516
PROD00166,48,318996.91000000003,7134.8,30,Biography Variant 1,Books,Biography,3734.16,179239.68,139757.23000000004,43.81146826782743,1.0,2.083333333333333
PROD00167,42,79280.86,2019.38,27,Biography Variant 2,Books,Biography,1518.3,63768.6,15512.260000000002,19.56621055826085,2.0,4.761904761904762
PROD00168,41,224266.4,5760.759999999999,24,Biography Variant 3,Books,Biography,3371.73,138240.93,86025.47,38.35860833366033,0.0,0.0
PROD00169,54,281299.71,5358.09,35,Science Variant 1,Books,Science,2373.42,128164.68000000001,153135.03000000003,54.438388862896446,5.0,9.25925925925926
PROD00170,51,89752.69,1805.9885294117648,34,Science Variant 2,Books,Science,2339.7,119324.7,-29572.009999999995,-32.94832723119496,5.0,9.803921568627452
PROD00171,47,24376.01,546.18,32,Science Variant 3,Books,Science,267.01,12549.47,11826.539999999999,48.517128110794175,1.0,2.127659574468085
PROD00172,57,39671.53,734.93,34,History Variant 1,Books,History,308.9,17607.3,22064.23,55.61729028348541,0.0,0.0
PROD00173,58,87106.66,1600.8656756756757,37,History Variant 2,Books,History,4423.88,256585.04,-169478.38,-194.56420439034167,2.0,3.4482758620689653
PROD00174,57,239067.97000000003,4285.14,35,History Variant 3,Books,History,1852.96,105618.72,133449.25000000003,55.82063126231424,0.0,0.0
PROD00175,40,317910.15,8513.93,26,Romance Variant 1,Books,Romance,4522.5,180900.0,137010.15000000002,43.0971298022413,0.0,0.0
PROD00176,59,302703.25,5492.71,31,Romance Variant 2,Books,Romance,3314.0,195526.0,107177.25,35.40670607269661,0.0,0.0
PROD00177,56,290358.23,5446.6,36,Romance Variant 3,Books,Romance,2351.46,131681.76,158676.46999999997,54.64851814257167,1.0,1.7857142857142856
PROD00178,55,414503.44,7985.04,31,Thriller Variant 1,Books,Thriller,3326.38,182950.9,231552.54,55.86263409538893,2.0,3.6363636363636362
PROD00179,48,282858.01,6055.62,34,Thriller Variant 2,Books,Thriller,2470.35,118576.79999999999,164281.21000000002,58.079037606182695,1.0,2.083333333333333
PROD00180,52,348019.14999999997,7030.69,31,Thriller Variant 3,Books,Thriller,2922.59,151974.68,196044.46999999997,56.33151796388216,1.0,1.9230769230769231
PROD00181,45,123541.99,2887.17,36,Rice Variant 1,Grocery,Rice,1370.21,61659.450000000004,61882.54,50.09028913974917,4.0,8.88888888888889
PROD00182,54,188334.3,3616.25,33,Rice Variant 2,Grocery,Rice,1805.67,97506.18000000001,90828.11999999998,48.22707281679438,1.0,1.8518518518518516
PROD00183,60,29794.86,526.69,33,Rice Variant 3,Grocery,Rice,244.66,14679.6,15115.26,50.731099256717435,2.0,3.3333333333333335
PROD00184,51,73918.73,1498.15,32,Wheat Variant 1,Grocery,Wheat,620.48,31644.48,42274.25,57.19017358658625,2.0,3.9215686274509802
PROD00185,59,155501.26,2719.98,37,Wheat Variant 2,Grocery,Wheat,1234.52,72836.68,82664.58000000002,53.16007085730368,2.0,3.389830508474576
PROD00186,54,75522.49,1445.96,31,Wheat Variant 3,Grocery,Wheat,616.62,33297.48,42225.01,55.91051089549616,0.0,0.0
PROD00187,57,355701.08,6641.17,33,Oil Variant 1,Grocery,Oil,3803.49,216798.93,138902.15000000002,39.050246909568,0.0,0.0
PROD00188,52,83235.13,1657.41,34,Oil Variant 2,Grocery,Oil,1327.37,69023.23999999999,14211.890000000014,17.07438914314186,1.0,1.9230769230769231
PROD00189,76,548082.37,7636.65,46,Oil Variant 3,Grocery,Oil,3840.42,291871.92,256210.45,46.74670524432304,4.0,5.263157894736842
PROD00190,63,212638.86,3528.69,39,Sugar Variant 1,Grocery,Sugar,1673.68,105441.84000000001,107197.01999999997,50.41271383791278,2.0,3.1746031746031744
PROD00191,52,213680.45,4249.81,26,Sugar Variant 2,Grocery,Sugar,2911.52,151399.04,62281.41,29.146985603970787,0.0,0.0
PROD00192,63,304507.31,5116.05,33,Sugar Variant 3,Grocery,Sugar,3426.36,215860.68000000002,88646.62999999998,29.111494893176776,1.0,1.5873015873015872
PROD00193,69,617045.06,9202.76,44,Salt Variant 1,Grocery,Salt,4087.8,282058.2,334986.86000000004,54.28888126906,1.0,1.4492753623188406
PROD00194,51,25893.82,535.55,31,Salt Variant 2,Grocery,Salt,218.79,11158.289999999999,14735.53,56.9075169287498,2.0,3.9215686274509802
PROD00195,58,535653.7899999999,9608.14,37,Salt Variant 3,Grocery,Salt,4069.04,236004.32,299649.4699999999,55.94088487640495,2.0,3.4482758620689653
PROD00196,33,210957.88,6703.46,24,Spices Variant 1,Grocery,Spices,2884.65,95193.45,115764.43000000001,54.875613084469755,1.0,3.0303030303030303
PROD00197,67,570014.07,8766.75,44,Spices Variant 2,Grocery,Spices,3676.89,246351.63,323662.43999999994,56.781482604455704,1.0,1.4925373134328357
PROD00198,50,73963.16,1516.26,32,Spices Variant 3,Grocery,Spices,1031.67,51583.5,22379.660000000003,30.257847285053806,0.0,0.0
PROD00199,55,187398.31,3657.98,33,Tea Variant 1,Grocery,Tea,1825.32,100392.59999999999,87005.71,46.42822552668699,2.0,3.6363636363636362
PROD00200,53,358353.85,7131.42,40,Tea Variant 2,Grocery,Tea,4027.82,213474.46000000002,144879.38999999996,40.42914287093608,4.0,7.547169811320755
PROD00201,51,189878.12,3944.29,35,Tea Variant 3,Grocery,Tea,2888.85,147331.35,42546.76999999999,22.407410606340523,2.0,3.9215686274509802
PROD00202,45,42900.090000000004,1016.59,30,Coffee Variant 1,Grocery,Coffee,677.84,30502.800000000003,12397.29,28.898051262829515,3.0,6.666666666666667
PROD00203,40,18150.59,477.27,27,Coffee Variant 2,Grocery,Coffee,210.46,8418.4,9732.19,53.619138551418985,4.0,10.0
PROD00204,44,143212.38,3352.35,34,Coffee Variant 3,Grocery,Coffee,2013.09,88575.95999999999,54636.42000000001,38.150626363447074,0.0,0.0
PROD00205,63,385296.87,6283.380000000001,44,Snacks Variant 1,Grocery,Snacks,4843.76,305156.88,80139.98999999999,20.799543479291692,2.0,3.1746031746031744
PROD00206,46,378605.22,8632.13,34,Snacks Variant 2,Grocery,Snacks,4665.86,214629.56,163975.65999999997,43.310459375071474,2.0,4.3478260869565215
PROD00207,53,334771.63,6547.46,32,Snacks Variant 3,Grocery,Snacks,2775.11,147080.83000000002,187690.8,56.06532429286197,2.0,3.7735849056603774
PROD00208,37,145245.28,4099.5,24,Biscuits Variant 1,Grocery,Biscuits,3300.84,122131.08,23114.199999999997,15.913907839208266,0.0,0.0
PROD00209,62,228131.83,3816.19,38,Biscuits Variant 2,Grocery,Biscuits,1739.25,107833.5,120298.32999999999,52.73193574083896,1.0,1.6129032258064515
PROD00210,66,422261.75,6680.299999999999,39,Biscuits Variant 3,Grocery,Biscuits,4102.14,270741.24000000005,151520.50999999995,35.88307726191159,2.0,3.0303030303030303
PROD00211,48,77854.14,1624.33,35,Vitamins Variant 1,Health,Vitamins,1254.52,60216.96,17637.18,22.654132458466563,2.0,4.166666666666666
PROD00212,46,347565.55,7782.48,29,Vitamins Variant 2,Health,Vitamins,3545.15,163076.9,184488.65,53.08024630174077,1.0,2.1739130434782608
PROD00213,42,364161.13,9402.56,23,Vitamins Variant 3,Health,Vitamins,4754.55,199691.1,164470.03,45.16408162507624,0.0,0.0
PROD00214,75,572962.69,8107.58,42,Protein Powder Variant 1,Health,Protein Powder,4448.84,333663.0,239299.68999999994,41.765318087291156,0.0,0.0
PROD00215,49,17826.52,379.53,33,Protein Powder Variant 2,Health,Protein Powder,304.53,14921.97,2904.550000000001,16.29342126225422,0.0,0.0
PROD00216,39,124382.65000000001,3307.17,27,Protein Powder Variant 3,Health,Protein Powder,1816.26,70834.14,53548.51000000001,43.051430404481664,3.0,7.6923076923076925
PROD00217,24,5892.389999999999,260.84,22,Bandages Variant 1,Health,Bandages,205.07,4921.68,970.7099999999991,16.47396048123086,1.0,4.166666666666666
PROD00218,54,331959.12,6300.23,33,Bandages Variant 2,Health,Bandages,2717.51,146745.54,185213.58,55.794092959398135,1.0,1.8518518518518516
PROD00219,56,17876.98,344.65,38,Bandages Variant 3,Health,Bandages,188.66,10564.96,7312.02,40.901874925183115,2.0,3.571428571428571
PROD00220,69,413919.11,6168.69,44,Thermometer Variant 1,Health,Thermometer,3507.66,242028.53999999998,171890.57,41.52757527914089,0.0,0.0
PROD00221,49,41097.3,901.85,30,Thermometer Variant 2,Health,Thermometer,666.36,32651.64,8445.660000000003,20.55040112124155,0.0,0.0
PROD00222,39,106242.2,3002.04,26,Thermometer Variant 3,Health,Thermometer,1823.77,71127.03,35115.17,33.05199817021861,2.0,5.128205128205128
PROD00223,66,155673.56,2430.88,42,BP Monitor Variant 1,Health,BP Monitor,1236.96,81639.36,74034.2,47.557337289646355,1.0,1.5151515151515151
PROD00224,32,249703.1,8522.29,24,BP Monitor Variant 2,Health,BP Monitor,3787.59,121202.88,128500.22,51.46120332506885,1.0,3.125
PROD00225,51,294581.61,6042.7,36,BP Monitor Variant 3,Health,BP Monitor,4955.6,252735.6,41846.00999999998,14.205235011106085,1.0,1.9607843137254901
PROD00226,48,29169.59,648.7899999999998,30,Pulse Oximeter Variant 1,Health,Pulse Oximeter,475.4,22819.199999999997,6350.390000000003,21.770583679784334,3.0,6.25
PROD00227,72,223622.53,3250.8,44,Pulse Oximeter Variant 2,Health,Pulse Oximeter,1639.22,118023.84,105598.69,47.221847458751135,1.0,1.3888888888888888
PROD00228,59,69322.23,1263.16,39,Pulse Oximeter Variant 3,Health,Pulse Oximeter,735.61,43400.99,25921.239999999998,37.39239202201083,1.0,1.694915254237288
PROD00229,39,27586.72,726.54,25,First Aid Kit Variant 1,Health,First Aid Kit,476.34,18577.26,9009.460000000003,32.65868504845811,1.0,2.564102564102564
PROD00230,57,438270.92,8026.94,37,First Aid Kit Variant 2,Health,First Aid Kit,3555.75,202677.75,235593.16999999998,53.75514533339333,0.0,0.0
PROD00231,57,193052.61000000002,3622.68,28,First Aid Kit Variant 3,Health,First Aid Kit,2273.36,129581.52,63471.09000000001,32.877612998860776,0.0,0.0
PROD00232,71,209996.38,3144.5999999999995,47,Masks Variant 1,Health,Masks,1534.15,108924.65000000001,101071.73,48.130224911496086,2.0,2.8169014084507045
PROD00233,42,126978.59999999999,3164.97,23,Masks Variant 2,Health,Masks,1662.41,69821.22,57157.37999999999,45.01339595805907,0.0,0.0
PROD00234,57,532088.74,9552.76,39,Masks Variant 3,Health,Masks,4512.08,257188.56,274900.18,51.664348319041665,2.0,3.508771929824561
PROD00235,60,66504.20999999999,1155.59,37,Sanitizer Variant 1,Health,Sanitizer,484.39,29063.399999999998,37440.81,56.29840577010088,3.0,5.0
PROD00236,48,124611.89000000001,2661.5099999999998,28,Sanitizer Variant 2,Health,Sanitizer,1229.63,59022.240000000005,65589.65000000001,52.635145811527295,2.0,4.166666666666666
PROD00237,56,441179.69,8123.360000000001,37,Sanitizer Variant 3,Health,Sanitizer,3652.06,204515.36,236664.33000000002,53.64352334532898,0.0,0.0
PROD00238,69,481585.69,7201.82,36,Gloves Variant 1,Health,Gloves,3521.88,243009.72,238575.97,49.539671745645094,1.0,1.4492753623188406
PROD00239,59,25955.51,467.33,35,Gloves Variant 2,Health,Gloves,204.32,12054.88,13900.63,53.55560341522859,2.0,3.389830508474576
PROD00240,66,285487.26999999996,4510.78,39,Gloves Variant 3,Health,Gloves,1982.47,130843.02,154644.24999999994,54.16852737426785,1.0,1.5151515151515151
PROD00241,50,81668.0,1680.6851612903224,31,Board Game Variant 1,Toys,Board Game,4287.41,214370.5,-132702.5,-162.4902042415634,0.0,0.0
PROD00242,61,146840.02,2496.43,39,Board Game Variant 2,Toys,Board Game,1984.85,121075.84999999999,25764.17,17.545741276799063,1.0,1.639344262295082
PROD00243,71,419926.9,6308.05,43,Board Game Variant 3,Toys,Board Game,3333.64,236688.44,183238.46000000002,43.635799468907564,1.0,1.4084507042253522
PROD00244,46,199078.66999999998,4549.33,32,Puzzle Variant 1,Toys,Puzzle,2753.59,126665.14000000001,72413.52999999997,36.37432880177469,4.0,8.695652173913043
PROD00245,61,371524.94,6215.91,36,Puzzle Variant 2,Toys,Puzzle,3796.94,231613.34,139911.6,37.65873698815482,2.0,3.278688524590164
PROD00246,63,475220.8,8011.14,38,Puzzle Variant 3,Toys,Puzzle,4070.19,256421.97,218798.83,46.04150954672018,1.0,1.5873015873015872
PROD00247,61,436770.23,7341.91,35,Remote Car Variant 1,Toys,Remote Car,3656.35,223037.35,213732.87999999998,48.93485528993127,1.0,1.639344262295082
PROD00248,68,657827.87,10128.22,41,Remote Car Variant 2,Toys,Remote Car,4649.98,316198.63999999996,341629.23000000004,51.93292129748167,4.0,5.88235294117647
PROD00249,63,260468.19,4279.09,42,Remote Car Variant 3,Toys,Remote Car,2001.74,126109.62,134358.57,51.58348510810475,1.0,1.5873015873015872
PROD00250,61,266944.47,4610.44,40,Doll Variant 1,Toys,Doll,2371.16,144640.75999999998,122303.70999999999,45.81616169085653,2.0,3.278688524590164
PROD00251,75,243311.19,3365.3,45,Doll Variant 2,Toys,Doll,1374.49,103086.75,140224.44,57.6317266789086,4.0,5.333333333333334
PROD00252,36,31272.41,910.14,27,Doll Variant 3,Toys,Doll,746.18,26862.48,4409.93,14.10166341513174,4.0,11.11111111111111
PROD00253,44,34372.58,791.63,31,Building Blocks Variant 1,Toys,Building Blocks,519.13,22841.72,11530.86,33.54668168639072,2.0,4.545454545454546
PROD00254,60,209397.44,3623.42,37,Building Blocks Variant 2,Toys,Building Blocks,2898.3,173898.0,35499.44,16.953139446212905,1.0,1.6666666666666667
PROD00255,59,415329.18,7383.630000000001,42,Building Blocks Variant 3,Toys,Building Blocks,3330.23,196483.57,218845.61,52.69208631091126,0.0,0.0
PROD00256,52,12961.93,256.57,33,Lego Set Variant 1,Toys,Lego Set,160.46,8343.92,4618.01,35.627487573224045,2.0,3.8461538461538463
PROD00257,55,73336.75,1410.3130555555554,36,Lego Set Variant 2,Toys,Lego Set,4253.2,233926.0,-160589.25,-218.97513865831252,1.0,1.8181818181818181
PROD00258,61,339827.22000000003,5858.08,39,Lego Set Variant 3,Toys,Lego Set,2385.55,145518.55000000002,194308.67,57.178665676045604,2.0,3.278688524590164
PROD00259,65,91460.67,1489.83,42,Outdoor Game Variant 1,Toys,Outdoor Game,1167.43,75882.95,15577.720000000001,17.032151634139574,1.0,1.5384615384615385
PROD00260,56,458013.74999999994,8617.38,33,Outdoor Game Variant 2,Toys,Outdoor Game,4495.52,251749.12000000002,206264.62999999992,45.03459339375727,0.0,0.0
PROD00261,59,122075.09,2154.14,37,Outdoor Game Variant 3,Toys,Outdoor Game,981.04,57881.36,64193.729999999996,52.58544556469301,0.0,0.0
PROD00262,71,100199.01,1460.8399999999997,49,Stuffed Toy Variant 1,Toys,Stuffed Toy,723.39,51360.69,48838.31999999999,48.74131989926846,1.0,1.4084507042253522
PROD00263,55,264120.12,4979.64,40,Stuffed Toy Variant 2,Toys,Stuffed Toy,3314.29,182285.95,81834.16999999998,30.983694085857593,1.0,1.8181818181818181
PROD00264,72,555301.07,8008.380000000001,43,Stuffed Toy Variant 3,Toys,Stuffed Toy,3453.76,248670.72000000003,306630.3499999999,55.2187572770209,6.0,8.333333333333332
PROD00265,58,231524.97,4207.25,31,Drum Variant 1,Toys,Drum,2811.7,163078.59999999998,68446.37000000002,29.563277775179074,1.0,1.7241379310344827
PROD00266,45,256980.23,5956.89,31,Drum Variant 2,Toys,Drum,4878.88,219549.6,37430.630000000005,14.56556794271684,1.0,2.2222222222222223
PROD00267,52,171877.79,3457.61,31,Drum Variant 3,Toys,Drum,2748.16,142904.32,28973.47,16.857018000987793,3.0,5.769230769230769
PROD00268,69,55707.64,852.32,42,Puzzle Book Variant 1,Toys,Puzzle Book,479.65,33095.85,22611.79,40.590105773642534,1.0,1.4492753623188406
PROD00269,57,115730.57,2135.25,37,Puzzle Book Variant 2,Toys,Puzzle Book,1099.81,62689.17,53041.40000000001,45.831797078334624,2.0,3.508771929824561
PROD00270,54,227078.87,4350.17,34,Puzzle Book Variant 3,Toys,Puzzle Book,2138.25,115465.5,111613.37,49.15180791590164,4.0,7.4074074074074066
PROD00271,44,18559.06,439.58,32,Car Cover Variant 1,Automotive,Car Cover,221.0,9724.0,8835.060000000001,47.60510499992996,1.0,2.272727272727273
PROD00272,50,365788.55,7587.4,31,Car Cover Variant 2,Automotive,Car Cover,4497.22,224861.0,140927.55,38.52705340284708,3.0,6.0
PROD00273,67,286182.22000000003,4432.81,35,Car Cover Variant 3,Automotive,Car Cover,3147.39,210875.13,75307.09000000003,26.31438459034947,1.0,1.4925373134328357
PROD00274,61,321163.55,5633.46,34,Floor Mat Variant 1,Automotive,Floor Mat,4568.18,278658.98000000004,42504.56999999995,13.234556038504355,1.0,1.639344262295082
PROD00275,72,399568.55,5765.78,42,Floor Mat Variant 2,Automotive,Floor Mat,2602.9,187408.80000000002,212159.74999999997,53.09720947757274,2.0,2.7777777777777777
PROD00276,57,467023.98000000004,8701.77,38,Floor Mat Variant 3,Automotive,Floor Mat,3592.92,204796.44,262227.54000000004,56.14862431689268,2.0,3.508771929824561
PROD00277,32,17041.75,556.92,20,Air Freshener Variant 1,Automotive,Air Freshener,259.74,8311.68,8730.07,51.22754411958865,1.0,3.125
PROD00278,41,25430.670000000002,629.94,29,Air Freshener Variant 2,Automotive,Air Freshener,484.38,19859.579999999998,5571.090000000004,21.906972958242953,1.0,2.4390243902439024
PROD00279,60,411372.10000000003,7168.01,36,Air Freshener Variant 3,Automotive,Air Freshener,2870.47,172228.19999999998,239143.90000000005,58.133232662108114,2.0,3.3333333333333335
PROD00280,55,234437.07,4625.83,35,Phone Mount Variant 1,Automotive,Phone Mount,2148.59,118172.45000000001,116264.62,49.59310402574132,2.0,3.6363636363636362
PROD00281,65,489126.8,7979.23,41,Phone Mount Variant 2,Automotive,Phone Mount,4011.21,260728.65,228398.15,46.695079885215854,3.0,4.615384615384616
PROD00282,37,117712.45,3504.39,25,Phone Mount Variant 3,Automotive,Phone Mount,2260.99,83656.62999999999,34055.82000000001,28.931366223368904,3.0,8.108108108108109
PROD00283,71,510332.54000000004,7427.34,45,Dash Cam Variant 1,Automotive,Dash Cam,4564.24,324061.04,186271.50000000006,36.500024082336594,4.0,5.633802816901409
PROD00284,36,68027.64,1981.58,24,Dash Cam Variant 2,Automotive,Dash Cam,1231.36,44328.96,23698.68,34.83683984921423,1.0,2.7777777777777777
PROD00285,68,174790.0,2757.81,45,Dash Cam Variant 3,Automotive,Dash Cam,1281.13,87116.84000000001,87673.15999999999,50.159139538875216,2.0,2.941176470588235
PROD00286,63,54911.82,945.9400000000002,40,Seat Cover Variant 1,Automotive,Seat Cover,490.48,30900.24,24011.579999999998,43.727525330611876,2.0,3.1746031746031744
PROD00287,53,336936.35,6559.01,35,Seat Cover Variant 2,Automotive,Seat Cover,3301.32,174969.96000000002,161966.38999999996,48.07032248078902,4.0,7.547169811320755
PROD00288,67,178741.5,2790.22,45,Seat Cover Variant 3,Automotive,Seat Cover,1225.84,82131.28,96610.22,54.05024574595155,1.0,1.4925373134328357
PROD00289,43,131321.71,3097.21,31,Wiper Blades Variant 1,Automotive,Wiper Blades,1300.23,55909.89,75411.81999999999,57.425249793046405,0.0,0.0
PROD00290,54,60426.29,1195.14,39,Wiper Blades Variant 2,Automotive,Wiper Blades,776.89,41952.06,18474.230000000003,30.573166083835368,1.0,1.8518518518518516
PROD00291,49,55597.69,1173.69,30,Wiper Blades Variant 3,Automotive,Wiper Blades,678.02,33222.979999999996,22374.710000000006,40.24395617875492,1.0,2.0408163265306123
PROD00292,44,252553.09999999998,5910.44,33,Toolkit Variant 1,Automotive,Toolkit,2922.46,128588.24,123964.85999999997,49.08467169874374,1.0,2.272727272727273
PROD00293,45,233938.82,5361.88,30,Toolkit Variant 2,Automotive,Toolkit,4394.39,197747.55000000002,36191.26999999999,15.47039948307852,1.0,2.2222222222222223
PROD00294,53,398164.82,8182.589999999999,38,Toolkit Variant 3,Automotive,Toolkit,3851.0,204103.0,194061.82,48.73906740429755,2.0,3.7735849056603774
PROD00295,46,39097.53,895.09,31,Tyre Inflator Variant 1,Automotive,Tyre Inflator,719.35,33090.1,6007.43,15.36524174289271,2.0,4.3478260869565215
PROD00296,61,68255.73,1188.71,41,Tyre Inflator Variant 2,Automotive,Tyre Inflator,917.98,55996.78,12258.949999999997,17.960323624111847,1.0,1.639344262295082
PROD00297,67,684136.87,10930.45,41,Tyre Inflator Variant 3,Automotive,Tyre Inflator,4601.25,308283.75,375853.12,54.9382932687139,2.0,2.9850746268656714
PROD00298,54,278722.36,5321.16,34,Jump Starter Variant 1,Automotive,Jump Starter,3514.95,189807.3,88915.06,31.90094257238637,0.0,0.0
PROD00299,57,579741.91,10649.19,37,Jump Starter Variant 2,Automotive,Jump Starter,4497.39,256351.23,323390.68000000005,55.78183574825564,2.0,3.508771929824561
PROD00300,70,87506.47,1343.36,38,Jump Starter Variant 3,Automotive,Jump Starter,628.08,43965.600000000006,43540.869999999995,49.757315087672936,1.0,1.4285714285714286
