refund_id,order_id,item_id,refund_date,refund_amount,reason,status
REF000001,ORD003965,ITEM0008262,2023-10-18,2135.25,Not as Described,Approved
REF000002,ORD000723,ITEM0001536,2024-08-20,1565.44,Damaged,Approved
REF000003,ORD002961,ITEM0006207,2023-04-18,1984.21,Damaged,Rejected
REF000004,ORD004158,ITEM0008669,2024-07-08,4861.76,Changed Mind,Rejected
REF000005,ORD000561,ITEM0001190,2024-05-15,208.42,Late Delivery,Rejected
REF000006,ORD000610,ITEM0001291,2024-09-01,3050.45,Changed Mind,Rejected
REF000007,ORD000823,ITEM0001748,2023-03-04,4097.38,Changed Mind,Pending
REF000008,ORD001519,ITEM0003203,2023-05-27,1820.28,Quality Issue,Rejected
REF000009,ORD003911,ITEM0008153,2023-06-06,-2482.97,Damaged,Pending
REF000010,ORD003976,ITEM0008283,2024-03-20,6215.91,Quality Issue,Approved
REF000011,ORD000525,ITEM0001105,2023-06-11,3884.18,Not as Described,Pending
REF000012,ORD000197,ITEM0000424,2023-07-22,1093.32,Quality Issue,Rejected
REF000013,ORD003918,ITEM0008163,2023-10-17,15343.8,Late Delivery,Rejected
REF000014,ORD000484,ITEM0001026,2024-03-14,4235.45,Late Delivery,Approved
REF000015,ORD004814,ITEM0010050,2023-08-13,895.09,Changed Mind,Pending
REF000016,ORD002985,ITEM0006262,2023-09-23,9093.14,Not as Described,Rejected
REF000017,ORD003719,ITEM0007731,2024-02-14,4350.17,Not as Described,Pending
REF000018,ORD000835,ITEM0001772,2023-12-21,6478.9,Wrong Item,Rejected
REF000019,ORD002353,ITEM0004954,2023-05-20,682.95,Not as Described,Approved
REF000020,ORD003118,ITEM0006513,2024-01-06,256.57,Quality Issue,Approved
REF000021,ORD001456,ITEM0003064,2023-11-07,6221.27,Not as Described,Pending
REF000022,ORD004136,ITEM0008625,2025-11-04,3078.83,Not as Described,Approved
REF000023,ORD000892,ITEM0001877,2023-05-14,2120.13,Damaged,Pending
REF000024,ORD000588,ITEM0001245,2023-09-18,10649.19,Wrong Item,Pending
REF000025,ORD000647,ITEM0001363,2023-10-05,532.72,Not as Described,Pending
REF000026,ORD004519,ITEM0009443,2024-07-22,16307.38,Wrong Item,Pending
REF000027,ORD003675,ITEM0007649,2024-01-07,4706.05,Changed Mind,Rejected
REF000028,ORD004670,ITEM0009751,2024-04-17,1689.82,Wrong Item,Rejected
REF000029,ORD003250,ITEM0006769,2024-06-07,12085.4,Not as Described,Rejected
REF000030,ORD000860,ITEM0001818,2024-03-22,8808.99,Wrong Item,Approved
REF000031,ORD001066,ITEM0002255,2024-08-02,30384.66,Wrong Item,Pending
REF000032,ORD000037,ITEM0000061,2023-03-05,1981.58,Damaged,Rejected
REF000033,ORD004390,ITEM0009170,2023-07-20,5264.1,Changed Mind,Approved
REF000034,ORD002669,ITEM0005584,2023-06-15,11347.78,Damaged,Rejected
REF000035,ORD000157,ITEM0000337,2024-08-02,14336.02,Not as Described,Approved
REF000036,ORD000527,ITEM0001110,2024-10-27,1057.9,Damaged,Pending
REF000037,ORD000362,ITEM0000772,2023-10-19,5673.89,Not as Described,Approved
REF000038,ORD001356,ITEM0002856,2023-10-12,504.1,Late Delivery,Pending
REF000039,ORD003351,ITEM0006986,2024-12-27,9875.78,Wrong Item,Approved
REF000040,ORD002418,ITEM0005094,2023-12-20,11036.1,Damaged,Approved
REF000041,ORD001686,ITEM0003533,2023-10-23,24025.14,Changed Mind,Approved
REF000042,ORD004982,ITEM0010413,2023-12-07,7182.12,Damaged,Pending
REF000043,ORD000987,ITEM0002073,2023-01-17,24820.65,Quality Issue,Rejected
REF000044,ORD002726,ITEM0005695,2023-04-22,4804.94,Damaged,Approved
REF000045,ORD003544,ITEM0007366,2023-07-17,1789.22,Not as Described,Approved
REF000046,ORD002857,ITEM0005972,2023-03-30,5910.44,Wrong Item,Pending
REF000047,ORD000407,ITEM0000876,2023-02-07,9197.85,Late Delivery,Pending
REF000048,ORD004180,ITEM0008719,2024-12-15,7509.95,Damaged,Approved
REF000049,ORD003949,ITEM0008232,2023-09-19,10128.22,Damaged,Approved
REF000050,ORD000467,ITEM0000987,2024-03-22,6055.62,Late Delivery,Pending
REF000051,ORD003729,ITEM0007754,2023-05-24,1505.02,Late Delivery,Rejected
REF000052,ORD004781,ITEM0009990,2023-02-18,8354.87,Not as Described,Rejected
REF000053,ORD004032,ITEM0008404,2024-05-25,1595.31,Quality Issue,Pending
REF000054,ORD004080,ITEM0008513,2024-06-19,5633.46,Changed Mind,Rejected
REF000055,ORD002525,ITEM0005306,2024-04-11,6999.91,Not as Described,Rejected
REF000056,ORD004113,ITEM0008584,2024-11-19,4097.38,Late Delivery,Rejected
REF000057,ORD002618,ITEM0005481,2024-11-05,7587.4,Late Delivery,Approved
REF000058,ORD002433,ITEM0005120,2023-08-08,6547.46,Damaged,Pending
REF000059,ORD002793,ITEM0005830,2024-09-13,16022.28,Damaged,Rejected
REF000060,ORD000069,ITEM0000133,2023-05-28,11012.66,Late Delivery,Rejected
REF000061,ORD000887,ITEM0001868,2023-10-28,11347.78,Changed Mind,Approved
REF000062,ORD003739,ITEM0007775,2024-03-26,3095.98,Late Delivery,Approved
REF000063,ORD000379,ITEM0000813,2024-11-01,-8546.58,Late Delivery,Approved
REF000064,ORD003619,ITEM0007528,2023-02-11,5282.93,Wrong Item,Pending
REF000065,ORD002690,ITEM0005631,2024-05-14,11583.66,Wrong Item,Approved
REF000066,ORD004727,ITEM0009860,2024-06-05,16570.38,Late Delivery,Approved
REF000067,ORD001715,ITEM0003592,2024-03-28,5296.2,Not as Described,Rejected
REF000068,ORD002398,ITEM0005056,2023-08-08,7636.65,Changed Mind,Rejected
REF000069,ORD002537,ITEM0005323,2023-12-14,9311.21,Late Delivery,Rejected
REF000070,ORD003148,ITEM0006561,2023-10-25,7782.48,Damaged,Rejected
REF000071,ORD004254,ITEM0008880,2024-04-07,4381.99,Damaged,Pending
REF000072,ORD001240,ITEM0002607,2023-12-31,6283.38,Damaged,Pending
REF000073,ORD003656,ITEM0007605,2023-02-25,7979.23,Late Delivery,Pending
REF000074,ORD003638,ITEM0007564,2024-02-05,8273.43,Damaged,Approved
REF000075,ORD003327,ITEM0006933,2024-01-10,25200.92,Damaged,Rejected
REF000076,ORD002972,ITEM0006230,2024-06-11,7134.8,Wrong Item,Approved
REF000077,ORD002142,ITEM0004508,2023-11-17,3722.14,Not as Described,Approved
REF000078,ORD002825,ITEM0005899,2023-09-10,1102.46,Not as Described,Pending
REF000079,ORD000817,ITEM0001737,2024-03-13,8194.76,Not as Described,Approved
REF000080,ORD004178,ITEM0008715,2024-08-18,5126.71,Damaged,Approved
REF000081,ORD001801,ITEM0003769,2024-08-16,33419.48,Late Delivery,Approved
REF000082,ORD000269,ITEM0000574,2024-11-12,10893.2,Quality Issue,Rejected
REF000083,ORD003737,ITEM0007770,2023-12-26,1983.28,Quality Issue,Rejected
REF000084,ORD004904,ITEM0010255,2024-01-26,4365.75,Not as Described,Pending
REF000085,ORD001877,ITEM0003936,2023-03-23,648.79,Not as Described,Approved
REF000086,ORD003104,ITEM0006484,2023-06-24,7427.34,Late Delivery,Rejected
REF000087,ORD002865,ITEM0005989,2023-01-28,7313.64,Quality Issue,Pending
REF000088,ORD000808,ITEM0001723,2024-03-29,8138.6,Not as Described,Pending
REF000089,ORD001505,ITEM0003169,2024-05-07,6559.01,Not as Described,Approved
REF000090,ORD003952,ITEM0008236,2023-03-27,1789.22,Wrong Item,Approved
REF000091,ORD004684,ITEM0009780,2024-08-26,1891.88,Late Delivery,Pending
REF000092,ORD004946,ITEM0010335,2023-07-17,3992.96,Wrong Item,Rejected
REF000093,ORD002113,ITEM0004447,2023-05-22,945.94,Late Delivery,Pending
REF000094,ORD004260,ITEM0008888,2023-12-26,5941.63,Damaged,Approved
REF000095,ORD002746,ITEM0005732,2024-04-12,4639.15,Not as Described,Pending
REF000096,ORD002503,ITEM0005253,2024-02-16,27408.21,Late Delivery,Rejected
REF000097,ORD002386,ITEM0005021,2023-02-02,1869.32,Not as Described,Rejected
REF000098,ORD003536,ITEM0007350,2024-09-23,12564.74,Not as Described,Pending
REF000099,ORD001207,ITEM0002534,2023-11-13,11784.91,Wrong Item,Pending
REF000100,ORD002984,ITEM0006258,2023-08-23,11901.55,Quality Issue,Approved
REF000101,ORD002908,ITEM0006084,2024-10-05,2500.46,Damaged,Approved
REF000102,ORD003526,ITEM0007328,2024-11-13,504.1,Not as Described,Rejected
REF000103,ORD001706,ITEM0003577,2023-10-13,7636.65,Quality Issue,Rejected
REF000104,ORD002832,ITEM0005920,2024-12-03,1759.29,Changed Mind,Rejected
REF000105,ORD003558,ITEM0007395,2023-10-21,2593.85,Late Delivery,Pending
REF000106,ORD002628,ITEM0005500,2024-02-24,10653.48,Quality Issue,Approved
REF000107,ORD002919,ITEM0006102,2023-12-02,2533.01,Late Delivery,Rejected
REF000108,ORD004388,ITEM0009167,2023-08-23,6559.01,Damaged,Pending
REF000109,ORD001273,ITEM0002680,2024-11-10,8399.52,Changed Mind,Pending
REF000110,ORD002320,ITEM0004889,2023-04-24,1071.1,Not as Described,Approved
REF000111,ORD001763,ITEM0003691,2023-08-03,7355.63,Quality Issue,Rejected
REF000112,ORD000173,ITEM0000379,2023-02-26,18647.73,Quality Issue,Rejected
REF000113,ORD002946,ITEM0006166,2024-05-14,4112.2,Late Delivery,Approved
REF000114,ORD001430,ITEM0003004,2023-12-28,3435.42,Quality Issue,Approved
REF000115,ORD000126,ITEM0000270,2024-12-21,1589.23,Changed Mind,Rejected
REF000116,ORD003231,ITEM0006729,2023-03-29,2973.54,Quality Issue,Approved
REF000117,ORD003859,ITEM0008037,2024-04-20,6501.6,Damaged,Pending
REF000118,ORD001996,ITEM0004186,2023-03-26,1805.0,Wrong Item,Rejected
REF000119,ORD001954,ITEM0004089,2023-03-10,7518.69,Quality Issue,Pending
REF000120,ORD003670,ITEM0007639,2023-10-19,4592.96,Damaged,Pending
REF000121,ORD001848,ITEM0003872,2024-11-19,14839.91,Late Delivery,Rejected
REF000122,ORD001580,ITEM0003326,2024-05-11,16074.27,Quality Issue,Rejected
REF000123,ORD004282,ITEM0008932,2024-09-16,739.29,Wrong Item,Pending
REF000124,ORD004283,ITEM0008935,2024-03-02,2151.19,Changed Mind,Pending
REF000125,ORD003158,ITEM0006583,2024-08-01,7057.38,Damaged,Rejected
REF000126,ORD001170,ITEM0002461,2024-06-17,7636.65,Damaged,Rejected
REF000127,ORD000691,ITEM0001461,2024-06-06,534.87,Damaged,Approved
REF000128,ORD000894,ITEM0001885,2024-02-03,3695.97,Damaged,Pending
REF000129,ORD000579,ITEM0001230,2023-02-24,9069.09,Quality Issue,Pending
REF000130,ORD002773,ITEM0005785,2024-06-21,3472.93,Changed Mind,Pending
REF000131,ORD003034,ITEM0006349,2023-06-21,4610.44,Late Delivery,Rejected
REF000132,ORD003394,ITEM0007060,2024-11-25,4858.02,Changed Mind,Pending
REF000133,ORD004933,ITEM0010311,2023-11-30,8354.87,Late Delivery,Approved
REF000134,ORD000768,ITEM0001641,2023-03-18,2025.14,Quality Issue,Approved
REF000135,ORD002816,ITEM0005878,2024-08-16,1155.59,Wrong Item,Pending
REF000136,ORD001672,ITEM0003510,2024-01-16,11549.43,Not as Described,Rejected
REF000137,ORD002471,ITEM0005188,2023-07-15,15970.08,Not as Described,Approved
REF000138,ORD002165,ITEM0004552,2023-08-10,4961.76,Not as Described,Rejected
REF000139,ORD002283,ITEM0004808,2023-07-31,5719.12,Late Delivery,Pending
REF000140,ORD003735,ITEM0007765,2023-05-10,1490.65,Changed Mind,Approved
REF000141,ORD000137,ITEM0000289,2024-11-20,5435.74,Wrong Item,Pending
REF000142,ORD001982,ITEM0004153,2024-05-06,4706.05,Quality Issue,Pending
REF000143,ORD001633,ITEM0003433,2023-09-20,4992.86,Wrong Item,Pending
REF000144,ORD004058,ITEM0008464,2024-12-06,13999.82,Changed Mind,Pending
REF000145,ORD001582,ITEM0003333,2024-08-08,8181.04,Wrong Item,Approved
REF000146,ORD000111,ITEM0000233,2024-02-20,4207.25,Wrong Item,Pending
REF000147,ORD002656,ITEM0005557,2023-10-02,534.87,Quality Issue,Pending
REF000148,ORD001200,ITEM0002521,2024-12-08,5515.62,Not as Described,Rejected
REF000149,ORD001312,ITEM0002771,2023-06-16,4066.81,Quality Issue,Pending
REF000150,ORD001108,ITEM0002338,2024-11-20,344.65,Damaged,Pending
REF000151,ORD002646,ITEM0005535,2024-05-06,494.65,Damaged,Pending
REF000152,ORD001220,ITEM0002554,2023-10-18,5755.62,Changed Mind,Approved
REF000153,ORD001955,ITEM0004090,2024-10-25,18006.94,Changed Mind,Rejected
REF000154,ORD002481,ITEM0005210,2023-05-01,11305.27,Wrong Item,Pending
REF000155,ORD004546,ITEM0009501,2024-06-13,9926.14,Changed Mind,Rejected
REF000156,ORD000576,ITEM0001225,2024-08-17,8166.71,Wrong Item,Rejected
REF000157,ORD001951,ITEM0004081,2024-10-16,4097.38,Late Delivery,Rejected
REF000158,ORD002728,ITEM0005698,2024-01-15,14683.82,Late Delivery,Approved
REF000159,ORD000207,ITEM0000451,2023-03-29,4595.24,Changed Mind,Approved
REF000160,ORD002592,ITEM0005425,2024-04-20,1505.02,Not as Described,Approved
REF000161,ORD003367,ITEM0007013,2023-08-03,1263.16,Damaged,Pending
REF000162,ORD004545,ITEM0009500,2024-04-24,1589.23,Damaged,Pending
REF000163,ORD001474,ITEM0003099,2023-02-10,4592.96,Not as Described,Pending
REF000164,ORD003348,ITEM0006980,2024-06-24,16822.28,Late Delivery,Pending
REF000165,ORD001579,ITEM0003325,2023-12-16,18662.0,Wrong Item,Approved
REF000166,ORD001203,ITEM0002525,2023-06-23,35354.73,Late Delivery,Approved
REF000167,ORD004520,ITEM0009444,2023-12-28,8962.62,Changed Mind,Pending
REF000168,ORD001053,ITEM0002232,2024-09-01,16016.76,Not as Described,Approved
REF000169,ORD000415,ITEM0000894,2023-07-28,759.52,Wrong Item,Approved
REF000170,ORD003762,ITEM0007828,2024-09-20,2251.53,Damaged,Approved
REF000171,ORD000098,ITEM0000199,2024-09-20,6072.25,Changed Mind,Approved
REF000172,ORD003245,ITEM0006756,2023-06-16,10128.22,Not as Described,Rejected
REF000173,ORD003823,ITEM0007952,2023-06-06,8632.13,Damaged,Rejected
REF000174,ORD001515,ITEM0003188,2024-07-26,-3500.38,Quality Issue,Rejected
REF000175,ORD000395,ITEM0000849,2023-04-18,3616.25,Changed Mind,Pending
REF000176,ORD000452,ITEM0000959,2023-05-23,9420.21,Quality Issue,Pending
REF000177,ORD000154,ITEM0000332,2023-08-02,6463.91,Quality Issue,Pending
REF000178,ORD003753,ITEM0007804,2024-02-08,3248.66,Wrong Item,Pending
REF000179,ORD004512,ITEM0009431,2024-07-10,2043.03,Quality Issue,Pending
REF000180,ORD000820,ITEM0001744,2023-01-31,3457.61,Damaged,Pending
REF000181,ORD003144,ITEM0006554,2024-02-29,5655.04,Changed Mind,Rejected
REF000182,ORD000961,ITEM0002018,2024-06-18,4643.97,Changed Mind,Pending
REF000183,ORD000655,ITEM0001378,2023-03-24,5000.92,Wrong Item,Rejected
REF000184,ORD000228,ITEM0000491,2023-03-06,2745.97,Late Delivery,Rejected
REF000185,ORD004992,ITEM0010437,2024-04-14,3963.99,Not as Described,Pending
REF000186,ORD002495,ITEM0005235,2024-08-03,7131.42,Changed Mind,Rejected
REF000187,ORD004547,ITEM0009504,2024-10-05,35307.52,Not as Described,Rejected
REF000188,ORD001786,ITEM0003736,2024-08-06,3784.26,Late Delivery,Approved
REF000189,ORD003841,ITEM0007991,2024-03-28,4199.76,Quality Issue,Rejected
REF000190,ORD000101,ITEM0000207,2023-07-30,2525.54,Damaged,Pending
REF000191,ORD001168,ITEM0002459,2024-11-17,1532.82,Changed Mind,Pending
REF000192,ORD004724,ITEM0009856,2024-07-03,495.09,Changed Mind,Rejected
REF000193,ORD002563,ITEM0005371,2024-12-06,521.68,Quality Issue,Approved
REF000194,ORD001301,ITEM0002752,2023-09-26,16514.46,Late Delivery,Pending
REF000195,ORD000928,ITEM0001955,2023-05-14,13018.8,Late Delivery,Approved
REF000196,ORD001054,ITEM0002234,2024-04-18,2361.77,Late Delivery,Pending
REF000197,ORD001447,ITEM0003045,2023-09-05,4432.81,Late Delivery,Pending
REF000198,ORD000773,ITEM0001651,2024-09-19,6449.58,Wrong Item,Approved
REF000199,ORD002885,ITEM0006036,2024-04-24,7407.55,Quality Issue,Pending
REF000200,ORD004970,ITEM0010386,2024-03-31,14566.62,Not as Described,Approved
REF000201,ORD001526,ITEM0003218,2023-07-11,7872.57,Changed Mind,Rejected
REF000202,ORD000661,ITEM0001393,2023-11-05,1118.21,Not as Described,Pending
REF000203,ORD002272,ITEM0004785,2024-01-26,791.63,Quality Issue,Approved
REF000204,ORD003198,ITEM0006657,2023-10-05,3175.82,Damaged,Approved
REF000205,ORD002672,ITEM0005589,2023-11-29,6943.34,Damaged,Approved
REF000206,ORD003023,ITEM0006327,2023-09-15,3895.06,Damaged,Pending
REF000207,ORD004338,ITEM0009057,2023-10-08,5959.32,Not as Described,Approved
REF000208,ORD001477,ITEM0003104,2023-07-29,9136.07,Late Delivery,Pending
REF000209,ORD003412,ITEM0007098,2024-07-05,6680.3,Wrong Item,Pending
REF000210,ORD003390,ITEM0007052,2023-10-18,19508.62,Changed Mind,Rejected
REF000211,ORD001300,ITEM0002750,2024-06-03,9220.88,Wrong Item,Approved
REF000212,ORD004900,ITEM0010241,2024-07-21,19258.89,Changed Mind,Rejected
REF000213,ORD004876,ITEM0010189,2023-11-10,4549.33,Not as Described,Pending
REF000214,ORD002247,ITEM0004729,2024-04-22,781.78,Changed Mind,Rejected
REF000215,ORD003707,ITEM0007704,2023-05-10,26651.8,Damaged,Pending
REF000216,ORD000146,ITEM0000313,2024-08-11,24196.23,Changed Mind,Approved
REF000217,ORD001814,ITEM0003795,2023-01-15,3506.84,Wrong Item,Pending
REF000218,ORD000534,ITEM0001130,2023-05-20,3115.99,Damaged,Approved
REF000219,ORD001910,ITEM0003996,2023-06-29,5014.56,Not as Described,Rejected
REF000220,ORD001202,ITEM0002523,2024-06-05,4586.81,Quality Issue,Pending
REF000221,ORD004525,ITEM0009453,2023-07-04,6999.91,Wrong Item,Pending
REF000222,ORD001149,ITEM0002428,2024-01-11,1816.09,Wrong Item,Approved
REF000223,ORD001761,ITEM0003687,2024-04-02,18290.73,Wrong Item,Approved
REF000224,ORD004884,ITEM0010205,2023-10-20,9701.52,Not as Described,Rejected
REF000225,ORD001069,ITEM0002260,2023-04-18,4979.64,Quality Issue,Approved
REF000226,ORD002230,ITEM0004691,2023-03-23,2894.21,Changed Mind,Pending
REF000227,ORD004809,ITEM0010039,2024-07-04,6326.27,Not as Described,Pending
REF000228,ORD004168,ITEM0008689,2023-10-04,28919.96,Damaged,Pending
REF000229,ORD002714,ITEM0005677,2023-07-28,4595.24,Wrong Item,Pending
REF000230,ORD000938,ITEM0001974,2024-10-08,1075.34,Changed Mind,Approved
REF000231,ORD002080,ITEM0004373,2024-05-02,8536.54,Changed Mind,Rejected
REF000232,ORD000737,ITEM0001571,2023-09-13,3835.95,Not as Described,Rejected
REF000233,ORD003175,ITEM0006612,2024-09-21,7970.85,Changed Mind,Rejected
REF000234,ORD002151,ITEM0004523,2023-10-14,3095.41,Damaged,Rejected
REF000235,ORD004736,ITEM0009885,2024-10-15,10128.22,Quality Issue,Approved
REF000236,ORD000558,ITEM0001181,2023-05-05,4447.21,Late Delivery,Pending
REF000237,ORD001994,ITEM0004180,2024-11-11,504.1,Not as Described,Pending
REF000238,ORD002280,ITEM0004800,2023-09-02,16547.1,Late Delivery,Approved
REF000239,ORD000109,ITEM0000228,2023-02-05,2033.18,Changed Mind,Approved
REF000240,ORD002474,ITEM0005192,2023-03-05,3169.63,Damaged,Approved
REF000241,ORD004926,ITEM0010298,2023-01-21,7110.6,Late Delivery,Rejected
REF000242,ORD003107,ITEM0006490,2023-09-11,4038.76,Late Delivery,Pending
REF000243,ORD001615,ITEM0003401,2024-03-10,602.24,Late Delivery,Rejected
REF000244,ORD002101,ITEM0004415,2024-10-14,10095.9,Not as Described,Pending
REF000245,ORD000932,ITEM0001963,2024-05-02,198.83,Wrong Item,Pending
REF000246,ORD004121,ITEM0008596,2024-05-28,3721.22,Damaged,Rejected
REF000247,ORD003297,ITEM0006856,2024-08-07,8008.38,Not as Described,Pending
REF000248,ORD004820,ITEM0010061,2024-03-31,526.69,Changed Mind,Pending
REF000249,ORD003443,ITEM0007152,2023-07-29,2686.72,Late Delivery,Approved
REF000250,ORD003338,ITEM0006958,2024-12-01,5799.72,Not as Described,Approved
REF000251,ORD004090,ITEM0008531,2024-09-18,3319.0,Changed Mind,Pending
REF000252,ORD003548,ITEM0007375,2023-11-27,11432.91,Wrong Item,Pending
REF000253,ORD002044,ITEM0004295,2023-05-02,6689.61,Changed Mind,Pending
REF000254,ORD002389,ITEM0005028,2024-07-30,1492.36,Changed Mind,Approved
REF000255,ORD002220,ITEM0004671,2023-02-05,12266.04,Wrong Item,Rejected
REF000256,ORD003020,ITEM0006322,2024-10-25,28357.72,Quality Issue,Pending
REF000257,ORD001453,ITEM0003057,2024-02-26,3472.93,Wrong Item,Rejected
REF000258,ORD004598,ITEM0009602,2024-01-09,954.54,Damaged,Pending
REF000259,ORD000439,ITEM0000936,2024-08-26,6478.9,Damaged,Approved
REF000260,ORD004587,ITEM0009582,2023-07-09,497.65,Quality Issue,Rejected
REF000261,ORD002580,ITEM0005396,2023-04-26,31947.57,Wrong Item,Pending
REF000262,ORD003624,ITEM0007537,2024-12-27,6137.52,Changed Mind,Rejected
REF000263,ORD002122,ITEM0004464,2023-01-31,28260.63,Damaged,Rejected
REF000264,ORD000769,ITEM0001642,2024-06-17,3939.03,Damaged,Approved
REF000265,ORD001281,ITEM0002697,2023-05-27,9030.4,Late Delivery,Pending
REF000266,ORD002558,ITEM0005360,2024-10-25,5113.29,Not as Described,Approved
REF000267,ORD003671,ITEM0007640,2023-05-21,8040.75,Damaged,Rejected
REF000268,ORD003273,ITEM0006815,2024-07-01,6509.4,Quality Issue,Rejected
REF000269,ORD004249,ITEM0008872,2023-11-25,21241.75,Not as Described,Rejected
REF000270,ORD004041,ITEM0008427,2024-02-28,198.83,Quality Issue,Rejected
REF000271,ORD000559,ITEM0001182,2023-06-16,2894.21,Not as Described,Pending
REF000272,ORD001674,ITEM0003514,2023-09-04,17297.34,Changed Mind,Pending
REF000273,ORD004995,ITEM0010447,2024-06-29,2816.82,Changed Mind,Approved
REF000274,ORD000811,ITEM0001728,2024-05-28,546.18,Wrong Item,Pending
REF000275,ORD003032,ITEM0006345,2024-07-18,2995.12,Quality Issue,Approved
REF000276,ORD004692,ITEM0009795,2023-11-02,3120.09,Damaged,Approved
REF000277,ORD000265,ITEM0000566,2024-09-10,1204.59,Quality Issue,Rejected
REF000278,ORD003975,ITEM0008282,2024-11-04,18243.18,Changed Mind,Pending
REF000279,ORD003142,ITEM0006549,2023-11-15,534.26,Changed Mind,Approved
REF000280,ORD001146,ITEM0002421,2024-08-09,25129.48,Not as Described,Rejected
REF000281,ORD002107,ITEM0004424,2023-11-11,5172.49,Quality Issue,Pending
REF000282,ORD003077,ITEM0006429,2024-02-07,5504.82,Not as Described,Pending
REF000283,ORD002041,ITEM0004289,2024-06-02,14262.84,Changed Mind,Rejected
REF000284,ORD003551,ITEM0007382,2023-12-13,3657.98,Late Delivery,Pending
REF000285,ORD003669,ITEM0007637,2024-04-19,8263.0,Damaged,Approved
REF000286,ORD003867,ITEM0008053,2024-12-23,4350.17,Wrong Item,Rejected
REF000287,ORD001227,ITEM0002570,2023-01-24,1961.29,Damaged,Rejected
REF000288,ORD003769,ITEM0007841,2023-09-27,724.47,Wrong Item,Pending
REF000289,ORD001371,ITEM0002885,2024-02-13,8235.83,Not as Described,Approved
REF000290,ORD001120,ITEM0002361,2024-05-16,2249.9,Damaged,Approved
REF000291,ORD004910,ITEM0010264,2023-05-30,2374.01,Changed Mind,Approved
REF000292,ORD001437,ITEM0003018,2024-01-21,6217.48,Wrong Item,Pending
REF000293,ORD003376,ITEM0007029,2023-08-01,16395.68,Quality Issue,Rejected
REF000294,ORD002162,ITEM0004544,2023-10-30,498.3,Damaged,Rejected
REF000295,ORD004278,ITEM0008922,2024-10-12,8235.83,Quality Issue,Rejected
REF000296,ORD003155,ITEM0006578,2024-11-16,5326.74,Quality Issue,Approved
REF000297,ORD004253,ITEM0008879,2024-05-26,8661.51,Not as Described,Rejected
REF000298,ORD001748,ITEM0003659,2023-02-23,2445.54,Damaged,Rejected
REF000299,ORD000055,ITEM0000105,2024-07-29,12652.54,Changed Mind,Rejected
REF000300,ORD004132,ITEM0008619,2023-03-27,1721.94,Wrong Item,Approved
REF000301,ORD002824,ITEM0005895,2024-12-05,526.69,Changed Mind,Rejected
REF000302,ORD000142,ITEM0000301,2024-12-03,8389.95,Changed Mind,Pending
REF000303,ORD003080,ITEM0006434,2024-10-13,10298.81,Damaged,Pending
REF000304,ORD003618,ITEM0007527,2024-12-02,4768.7,Wrong Item,Approved
REF000305,ORD001249,ITEM0002627,2024-07-16,13052.66,Late Delivery,Rejected
REF000306,ORD000312,ITEM0000669,2024-01-03,5799.44,Wrong Item,Approved
REF000307,ORD004746,ITEM0009908,2023-12-01,32033.52,Quality Issue,Rejected
REF000308,ORD000398,ITEM0000853,2023-04-21,10870.26,Not as Described,Rejected
REF000309,ORD000583,ITEM0001239,2025-03-26,7256.78,Wrong Item,Approved
REF000310,ORD000679,ITEM0001437,2024-10-11,9953.38,Damaged,Rejected
REF000311,ORD004875,ITEM0010188,2024-04-11,477.27,Changed Mind,Rejected
REF000312,ORD000901,ITEM0001899,2023-07-11,4996.57,Not as Described,Pending
REF000313,ORD001609,ITEM0003389,2023-05-27,6282.37,Damaged,Approved
REF000314,ORD001616,ITEM0003402,2023-07-28,3504.39,Wrong Item,Pending
REF000315,ORD002394,ITEM0005044,2024-11-20,4199.76,Changed Mind,Approved
REF000316,ORD001564,ITEM0003296,2023-05-25,23432.32,Not as Described,Approved
REF000317,ORD004771,ITEM0009968,2024-04-04,862.91,Damaged,Rejected
REF000318,ORD004625,ITEM0009661,2023-04-29,6870.4,Not as Described,Pending
REF000319,ORD002095,ITEM0004399,2024-04-02,13877.49,Quality Issue,Rejected
REF000320,ORD004197,ITEM0008762,2024-02-20,1960.53,Not as Described,Approved
REF000321,ORD001793,ITEM0003754,2023-11-02,4595.24,Damaged,Rejected
REF000322,ORD000010,ITEM0000016,2023-06-03,21447.52,Changed Mind,Rejected
REF000323,ORD001510,ITEM0003179,2024-08-01,643.2,Changed Mind,Approved
REF000324,ORD000813,ITEM0001730,2024-10-04,7979.23,Changed Mind,Approved
REF000325,ORD000059,ITEM0000114,2023-07-08,8497.57,Changed Mind,Rejected
REF000326,ORD004313,ITEM0008995,2023-11-15,3521.07,Late Delivery,Pending
REF000327,ORD003682,ITEM0007660,2024-12-16,13065.38,Wrong Item,Approved
REF000328,ORD004226,ITEM0008817,2023-12-26,1016.59,Wrong Item,Pending
REF000329,ORD003602,ITEM0007492,2024-04-06,1820.28,Damaged,Rejected
REF000330,ORD000016,ITEM0000028,2024-07-03,8153.69,Quality Issue,Rejected
REF000331,ORD002328,ITEM0004907,2023-02-08,6559.01,Late Delivery,Approved
REF000332,ORD002148,ITEM0004519,2024-03-18,2836.33,Wrong Item,Rejected
REF000333,ORD004385,ITEM0009163,2024-05-25,4017.14,Changed Mind,Approved
REF000334,ORD003068,ITEM0006409,2024-05-11,8478.19,Late Delivery,Pending
REF000335,ORD003071,ITEM0006418,2023-01-21,9496.43,Changed Mind,Approved
REF000336,ORD003482,ITEM0007234,2023-11-11,8988.77,Wrong Item,Rejected
REF000337,ORD003233,ITEM0006732,2024-03-23,2989.14,Quality Issue,Approved
REF000338,ORD001566,ITEM0003301,2024-04-30,9921.51,Quality Issue,Rejected
REF000339,ORD002028,ITEM0004256,2024-09-27,899.86,Wrong Item,Pending
REF000340,ORD001657,ITEM0003479,2024-07-24,556.92,Not as Described,Pending
REF000341,ORD004363,ITEM0009112,2023-11-18,289.51,Not as Described,Pending
REF000342,ORD004029,ITEM0008399,2024-10-20,12746.83,Damaged,Rejected
REF000343,ORD003539,ITEM0007357,2024-09-07,8742.62,Quality Issue,Pending
REF000344,ORD004981,ITEM0010412,2023-08-15,3002.04,Damaged,Pending
REF000345,ORD000977,ITEM0002053,2024-05-20,13360.6,Late Delivery,Pending
REF000346,ORD004721,ITEM0009848,2024-04-20,11716.16,Late Delivery,Rejected
REF000347,ORD001594,ITEM0003359,2023-11-17,8661.69,Changed Mind,Rejected
REF000348,ORD000252,ITEM0000541,2023-07-21,2892.4,Changed Mind,Approved
REF000349,ORD001753,ITEM0003669,2024-05-06,5804.0,Not as Described,Pending
REF000350,ORD000753,ITEM0001603,2023-09-02,2419.19,Damaged,Approved
REF000351,ORD003021,ITEM0006323,2024-08-22,4549.33,Not as Described,Approved
REF000352,ORD002533,ITEM0005318,2024-03-23,7427.34,Late Delivery,Rejected
REF000353,ORD001081,ITEM0002285,2024-01-23,5424.36,Not as Described,Rejected
REF000354,ORD002788,ITEM0005821,2023-09-15,5504.82,Wrong Item,Pending
REF000355,ORD003375,ITEM0007027,2023-03-05,5338.68,Wrong Item,Approved
REF000356,ORD000537,ITEM0001136,2024-08-09,7730.34,Changed Mind,Rejected
REF000357,ORD002134,ITEM0004494,2024-05-30,17400.68,Quality Issue,Approved
REF000358,ORD001217,ITEM0002550,2024-11-16,633.24,Late Delivery,Approved
REF000359,ORD004893,ITEM0010231,2023-02-23,477.27,Changed Mind,Approved
REF000360,ORD001812,ITEM0003789,2024-02-09,1460.84,Not as Described,Pending
REF000361,ORD004532,ITEM0009472,2023-12-04,18545.3,Changed Mind,Pending
REF000362,ORD001901,ITEM0003980,2024-07-06,5284.63,Late Delivery,Pending
REF000363,ORD000920,ITEM0001939,2024-05-31,2473.94,Changed Mind,Approved
REF000364,ORD000593,ITEM0001255,2023-12-07,3631.49,Damaged,Pending
REF000365,ORD002578,ITEM0005394,2024-05-30,9197.85,Late Delivery,Rejected
REF000366,ORD004885,ITEM0010209,2024-11-15,3307.17,Late Delivery,Pending
REF000367,ORD002282,ITEM0004804,2024-02-28,4002.16,Damaged,Pending
REF000368,ORD003877,ITEM0008071,2024-06-05,302.22,Late Delivery,Rejected
REF000369,ORD000302,ITEM0000641,2023-04-23,429.05,Not as Described,Rejected
REF000370,ORD000745,ITEM0001587,2023-04-12,3632.18,Quality Issue,Approved
REF000371,ORD002657,ITEM0005558,2023-01-18,6703.46,Changed Mind,Rejected
REF000372,ORD004838,ITEM0010101,2023-09-29,9420.21,Damaged,Pending
REF000373,ORD000403,ITEM0000862,2023-12-15,32033.52,Late Delivery,Rejected
REF000374,ORD003704,ITEM0007700,2024-04-24,2525.54,Changed Mind,Rejected
REF000375,ORD001532,ITEM0003228,2023-11-25,5728.01,Damaged,Approved
REF000376,ORD004300,ITEM0008970,2024-01-03,3816.19,Changed Mind,Approved
REF000377,ORD002786,ITEM0005818,2023-09-03,4549.33,Quality Issue,Pending
REF000378,ORD002464,ITEM0005170,2023-08-29,3504.39,Quality Issue,Approved
REF000379,ORD003672,ITEM0007643,2023-05-26,1302.09,Wrong Item,Pending
REF000380,ORD004279,ITEM0008925,2024-08-12,7229.99,Changed Mind,Pending
REF000381,ORD004960,ITEM0010368,2023-06-19,3365.3,Changed Mind,Pending
REF000382,ORD002546,ITEM0005336,2024-03-06,-8138.6,Wrong Item,Pending
REF000383,ORD000586,ITEM0001243,2023-10-05,10930.45,Not as Described,Pending
REF000384,ORD000204,ITEM0000444,2023-09-04,28357.72,Not as Described,Pending
REF000385,ORD004936,ITEM0010318,2024-10-22,3944.29,Damaged,Pending
REF000386,ORD003945,ITEM0008224,2023-06-27,6038.15,Not as Described,Approved
REF000387,ORD001142,ITEM0002410,2023-09-15,7427.34,Not as Described,Rejected
REF000388,ORD004871,ITEM0010178,2023-07-16,6088.4,Damaged,Approved
REF000389,ORD003878,ITEM0008073,2023-01-23,8100.56,Damaged,Approved
REF000390,ORD000675,ITEM0001426,2023-02-02,18197.32,Late Delivery,Approved
REF000391,ORD001896,ITEM0003974,2023-08-17,4494.45,Wrong Item,Rejected
REF000392,ORD000092,ITEM0000189,2023-11-03,397.66,Changed Mind,Approved
REF000393,ORD003224,ITEM0006714,2023-10-13,377.04,Damaged,Approved
REF000394,ORD003448,ITEM0007165,2024-06-30,3555.32,Damaged,Approved
REF000395,ORD003813,ITEM0007923,2023-04-03,8235.83,Quality Issue,Rejected
REF000396,ORD004646,ITEM0009702,2023-03-16,11388.58,Late Delivery,Approved
REF000397,ORD004554,ITEM0009515,2023-12-12,6662.95,Late Delivery,Approved
REF000398,ORD000974,ITEM0002045,2024-09-13,1799.72,Not as Described,Approved
REF000399,ORD001418,ITEM0002980,2023-12-27,629.33,Not as Described,Approved
REF000400,ORD003437,ITEM0007140,2024-08-27,16058.38,Late Delivery,Approved
REF000401,ORD003858,ITEM0008034,2024-05-07,2135.25,Damaged,Pending
REF000402,ORD002817,ITEM0005879,2024-10-13,5774.34,Not as Described,Pending
REF000403,ORD004962,ITEM0010371,2023-11-29,9552.76,Not as Described,Approved
REF000404,ORD004903,ITEM0010251,2024-05-17,23382.76,Wrong Item,Pending
REF000405,ORD004463,ITEM0009339,2023-04-30,14776.9,Late Delivery,Pending
REF000406,ORD004436,ITEM0009273,2024-07-03,1725.82,Quality Issue,Approved
REF000407,ORD001256,ITEM0002637,2024-07-03,3314.82,Late Delivery,Rejected
REF000408,ORD001288,ITEM0002719,2023-10-05,6816.31,Wrong Item,Rejected
REF000409,ORD003868,ITEM0008055,2024-04-08,4625.83,Late Delivery,Approved
REF000410,ORD000654,ITEM0001374,2023-12-08,7872.57,Late Delivery,Rejected
REF000411,ORD003535,ITEM0007349,2024-11-25,7135.45,Damaged,Approved
REF000412,ORD000408,ITEM0000879,2024-08-13,11670.95,Changed Mind,Approved
REF000413,ORD004297,ITEM0008966,2024-02-17,5358.09,Changed Mind,Rejected
REF000414,ORD003781,ITEM0007861,2024-05-27,4342.88,Damaged,Pending
REF000415,ORD003688,ITEM0007670,2024-01-15,513.14,Quality Issue,Approved
REF000416,ORD004413,ITEM0009213,2024-06-15,423.44,Changed Mind,Approved
REF000417,ORD003576,ITEM0007432,2023-06-09,5963.66,Not as Described,Rejected
REF000418,ORD002783,ITEM0005810,2024-06-05,2216.13,Damaged,Approved
REF000419,ORD002559,ITEM0005361,2023-09-19,6326.27,Late Delivery,Approved
REF000420,ORD003259,ITEM0006786,2023-02-11,621.23,Late Delivery,Pending
REF000421,ORD003383,ITEM0007041,2024-12-07,2661.51,Changed Mind,Approved
REF000422,ORD001213,ITEM0002542,2024-06-03,14627.28,Not as Described,Pending
REF000423,ORD004959,ITEM0010367,2024-08-07,21697.44,Not as Described,Approved
REF000424,ORD004262,ITEM0008894,2024-10-07,4050.28,Not as Described,Approved
REF000425,ORD000544,ITEM0001150,2023-02-04,2576.9,Damaged,Rejected
REF000426,ORD004221,ITEM0008807,2024-05-04,1439.94,Damaged,Pending
REF000427,ORD000776,ITEM0001662,2023-05-05,6662.95,Damaged,Pending
REF000428,ORD002704,ITEM0005657,2024-10-13,7313.64,Wrong Item,Approved
REF000429,ORD004495,ITEM0009398,2024-03-10,561.86,Changed Mind,Rejected
REF000430,ORD001449,ITEM0003047,2024-08-16,910.14,Late Delivery,Pending
REF000431,ORD003136,ITEM0006538,2024-08-27,5424.92,Quality Issue,Approved
REF000432,ORD004932,ITEM0010306,2024-09-25,6242.11,Wrong Item,Rejected
REF000433,ORD001173,ITEM0002468,2023-11-08,1297.58,Damaged,Rejected
REF000434,ORD001789,ITEM0003741,2024-07-24,2790.22,Quality Issue,Approved
REF000435,ORD001861,ITEM0003898,2023-06-01,7789.03,Wrong Item,Rejected
REF000436,ORD002569,ITEM0005378,2024-04-22,7427.34,Damaged,Pending
REF000437,ORD004828,ITEM0010080,2023-07-29,2033.18,Not as Described,Approved
REF000438,ORD002439,ITEM0005133,2023-06-16,28525.68,Damaged,Pending
REF000439,ORD000701,ITEM0001486,2024-08-31,7313.64,Late Delivery,Approved
REF000440,ORD000411,ITEM0000889,2024-05-02,10722.2,Changed Mind,Approved
REF000441,ORD004840,ITEM0010107,2023-01-20,5424.36,Changed Mind,Rejected
REF000442,ORD000281,ITEM0000599,2024-10-29,1607.62,Late Delivery,Rejected
REF000443,ORD004296,ITEM0008960,2023-08-29,4559.98,Damaged,Pending
REF000444,ORD001694,ITEM0003553,2023-03-26,895.09,Late Delivery,Approved
REF000445,ORD003889,ITEM0008101,2024-04-20,12076.3,Quality Issue,Approved
REF000446,ORD004026,ITEM0008392,2024-02-14,8182.59,Not as Described,Approved
REF000447,ORD003699,ITEM0007689,2023-08-15,791.63,Late Delivery,Rejected
REF000448,ORD002622,ITEM0005489,2024-10-21,1083.33,Changed Mind,Approved
REF000449,ORD002648,ITEM0005540,2024-03-18,1075.34,Damaged,Approved
REF000450,ORD003634,ITEM0007555,2024-05-12,5941.63,Quality Issue,Rejected
REF000451,ORD004734,ITEM0009878,2024-08-17,1195.14,Quality Issue,Pending
REF000452,ORD001866,ITEM0003911,2023-10-13,1664.05,Quality Issue,Approved
REF000453,ORD004637,ITEM0009684,2023-02-01,4897.3,Late Delivery,Rejected
REF000454,ORD003200,ITEM0006663,2023-07-06,1589.57,Late Delivery,Approved
REF000455,ORD004163,ITEM0008681,2023-06-26,3095.41,Not as Described,Pending
REF000456,ORD001839,ITEM0003860,2024-04-10,12839.26,Wrong Item,Approved
REF000457,ORD001936,ITEM0004053,2023-09-04,4595.24,Late Delivery,Pending
REF000458,ORD000161,ITEM0000350,2023-09-26,1750.19,Wrong Item,Pending
REF000459,ORD004850,ITEM0010128,2023-04-12,3400.83,Quality Issue,Approved
REF000460,ORD001553,ITEM0003276,2024-09-08,33419.48,Damaged,Approved
REF000461,ORD001817,ITEM0003800,2023-01-20,2719.98,Quality Issue,Approved
REF000462,ORD002941,ITEM0006154,2024-02-03,3632.18,Wrong Item,Pending
REF000463,ORD001859,ITEM0003895,2023-02-24,1718.72,Damaged,Rejected
REF000464,ORD001413,ITEM0002967,2024-02-06,7979.23,Not as Described,Approved
REF000465,ORD000847,ITEM0001793,2023-10-13,899.86,Late Delivery,Approved
REF000466,ORD000502,ITEM0001067,2024-07-20,1606.65,Changed Mind,Approved
REF000467,ORD004655,ITEM0009718,2024-10-20,4172.4,Quality Issue,Pending
REF000468,ORD000668,ITEM0001412,2024-02-03,439.58,Not as Described,Pending
REF000469,ORD003847,ITEM0008008,2023-12-08,494.65,Quality Issue,Pending
REF000470,ORD002888,ITEM0006041,2023-12-18,1942.09,Changed Mind,Rejected
REF000471,ORD001762,ITEM0003690,2023-10-08,23544.64,Late Delivery,Approved
REF000472,ORD001700,ITEM0003562,2024-03-30,10115.71,Late Delivery,Pending
REF000473,ORD004006,ITEM0008346,2023-08-13,7013.68,Wrong Item,Rejected
REF000474,ORD004738,ITEM0009888,2023-10-16,5358.09,Changed Mind,Rejected
REF000475,ORD001890,ITEM0003965,2023-11-20,5526.27,Not as Described,Pending
REF000476,ORD000062,ITEM0000120,2023-08-25,2402.47,Damaged,Approved
REF000477,ORD001434,ITEM0003011,2024-01-04,5217.04,Not as Described,Approved
REF000478,ORD004040,ITEM0008426,2023-05-31,37680.84,Late Delivery,Pending
REF000479,ORD003427,ITEM0007124,2024-04-04,4279.09,Not as Described,Pending
REF000480,ORD002227,ITEM0004687,2024-10-26,6226.31,Changed Mind,Rejected
REF000481,ORD000513,ITEM0001082,2023-09-07,9071.35,Changed Mind,Pending
REF000482,ORD001521,ITEM0003207,2023-07-06,1907.13,Quality Issue,Rejected
REF000483,ORD004071,ITEM0008496,2024-06-16,2393.58,Changed Mind,Rejected
REF000484,ORD003844,ITEM0007999,2024-01-02,4097.38,Not as Described,Rejected
REF000485,ORD004161,ITEM0008677,2024-11-22,6559.01,Late Delivery,Approved
REF000486,ORD000550,ITEM0001159,2024-02-06,3419.98,Quality Issue,Rejected
REF000487,ORD002610,ITEM0005465,2024-08-30,15998.88,Damaged,Approved
REF000488,ORD003733,ITEM0007762,2023-02-06,8235.83,Damaged,Rejected
REF000489,ORD002858,ITEM0005974,2024-03-18,5435.74,Changed Mind,Pending
REF000490,ORD004817,ITEM0010053,2024-06-12,10653.48,Not as Described,Approved
REF000491,ORD000511,ITEM0001079,2023-06-18,1498.15,Changed Mind,Approved
REF000492,ORD004643,ITEM0009696,2023-02-20,3365.3,Changed Mind,Rejected
REF000493,ORD004203,ITEM0008774,2023-08-31,4519.53,Damaged,Rejected
REF000494,ORD002729,ITEM0005699,2024-10-18,3090.91,Damaged,Pending
REF000495,ORD001322,ITEM0002789,2024-08-29,6005.27,Quality Issue,Approved
REF000496,ORD000449,ITEM0000953,2024-09-08,4639.15,Damaged,Pending
REF000497,ORD001524,ITEM0003211,2024-05-15,438.59,Late Delivery,Rejected
REF000498,ORD004037,ITEM0008419,2023-03-05,3504.39,Changed Mind,Approved
REF000499,ORD000068,ITEM0000132,2023-06-23,2500.46,Not as Described,Rejected
REF000500,ORD001441,ITEM0003027,2023-10-15,2598.45,Wrong Item,Approved
