refund_id,order_id,item_id,refund_date,refund_amount,reason,status,order_date,total_amount,product_id,line_total,date_key,refund_ratio
REF000001,ORD003965,ITEM0008262,2023-10-18,2135.25,Not as Described,Approved,2023-09-25,2135.25,PROD00269,2135.25,20230925,1.0
REF000002,ORD000723,ITEM0001536,2024-08-20,1565.44,Damaged,Approved,2024-08-13,5480.59,PROD00252,1565.44,20240813,1.0
REF000003,ORD002961,ITEM0006207,2023-04-18,1984.21,Damaged,Rejected,2023-03-30,1984.21,PROD00035,1984.21,20230330,1.0
REF000004,ORD004158,ITEM0008669,2024-07-08,4861.76,Changed Mind,Rejected,2024-06-10,11892.45,PROD00223,4861.76,20240610,1.0
REF000005,ORD000561,ITEM0001190,2024-05-15,208.42,Late Delivery,Rejected,2024-04-25,25074.41,PROD00002,208.42,20240425,1.0
REF000006,ORD000610,ITEM0001291,2024-09-01,3050.45,Changed Mind,Rejected,2024-08-24,4245.59,PROD00040,3050.45,20240824,1.0
REF000007,ORD000823,ITEM0001748,2023-03-04,4097.38,Changed Mind,Pending,2023-02-10,25968.43,PROD00004,4097.38,20230210,1.0
REF000008,ORD001519,ITEM0003203,2023-05-27,1820.28,Quality Issue,Rejected,2023-05-20,11449.94,PROD00252,1820.28,20230520,1.0
REF000009,ORD003911,ITEM0008153,2023-06-06,-2482.97,Damaged,Pending,2023-05-21,2237.4,PROD00181,-2482.97,20230521,1.0
REF000010,ORD003976,ITEM0008283,2024-03-20,6215.91,Quality Issue,Approved,2024-03-05,6215.91,PROD00245,6215.91,20240305,1.0
REF000011,ORD000525,ITEM0001105,2023-06-11,3884.18,Not as Described,Pending,2023-05-23,3884.18,PROD00033,3884.18,20230523,1.0
REF000012,ORD000197,ITEM0000424,2023-07-22,1093.32,Quality Issue,Rejected,2023-06-25,1623.69,PROD00069,1093.32,20230625,1.0
REF000013,ORD003918,ITEM0008163,2023-10-17,15343.8,Late Delivery,Rejected,2023-09-18,27033.6,PROD00116,15343.8,20230918,1.0
REF000014,ORD000484,ITEM0001026,2024-03-14,4235.45,Late Delivery,Approved,2024-02-20,-10724.21,PROD00045,4235.45,20240220,1.0
REF000015,ORD004814,ITEM0010050,2023-08-13,895.09,Changed Mind,Pending,2023-07-27,895.09,PROD00295,895.09,20230727,1.0
REF000016,ORD002985,ITEM0006262,2023-09-23,9093.14,Not as Described,Rejected,2023-09-02,12432.46,PROD00087,9093.14,20230902,1.0
REF000017,ORD003719,ITEM0007731,2024-02-14,4350.17,Not as Described,Pending,2024-01-24,4350.17,PROD00270,4350.17,20240124,1.0
REF000018,ORD000835,ITEM0001772,2023-12-21,6478.9,Wrong Item,Rejected,2023-11-22,6478.9,PROD00084,6478.9,20231122,1.0
REF000019,ORD002353,ITEM0004954,2023-05-20,682.95,Not as Described,Approved,2023-04-20,4048.25,PROD00229,682.95,20230420,1.0
REF000020,ORD003118,ITEM0006513,2024-01-06,256.57,Quality Issue,Approved,2023-12-14,256.57,PROD00256,256.57,20231214,1.0
REF000021,ORD001456,ITEM0003064,2023-11-07,6221.27,Not as Described,Pending,2023-10-18,10918.77,PROD00224,6221.27,20231018,1.0
REF000022,ORD004136,ITEM0008625,2025-11-04,3078.83,Not as Described,Approved,2025-10-15,3078.83,PROD00025,3078.83,20251015,1.0
REF000023,ORD000892,ITEM0001877,2023-05-14,2120.13,Damaged,Pending,2023-04-26,9694.72,PROD00134,2120.13,20230426,1.0
REF000024,ORD000588,ITEM0001245,2023-09-18,10649.19,Wrong Item,Pending,2023-08-20,10649.19,PROD00299,10649.19,20230820,1.0
REF000025,ORD000647,ITEM0001363,2023-10-05,532.72,Not as Described,Pending,2023-09-22,3755.01,PROD00060,532.72,20230922,1.0
REF000026,ORD004519,ITEM0009443,2024-07-22,16307.38,Wrong Item,Pending,2024-06-26,16307.38,PROD00006,16307.38,20240626,1.0
REF000027,ORD003675,ITEM0007649,2024-01-07,4706.05,Changed Mind,Rejected,2023-12-29,4706.05,PROD00045,4706.05,20231229,1.0
REF000028,ORD004670,ITEM0009751,2024-04-17,1689.82,Wrong Item,Rejected,2024-04-02,8235.8,PROD00135,1689.82,20240402,1.0
REF000029,ORD003250,ITEM0006769,2024-06-07,12085.4,Not as Described,Rejected,2024-05-17,14790.95,PROD00225,12085.4,20240517,1.0
REF000030,ORD000860,ITEM0001818,2024-03-22,8808.99,Wrong Item,Approved,2024-03-02,8808.99,PROD00046,8808.99,20240302,1.0
REF000031,ORD001066,ITEM0002255,2024-08-02,30384.66,Wrong Item,Pending,2024-07-20,30384.66,PROD00248,30384.66,20240720,1.0
REF000032,ORD000037,ITEM0000061,2023-03-05,1981.58,Damaged,Rejected,2023-02-13,4396.0,PROD00284,1981.58,20230213,1.0
REF000033,ORD004390,ITEM0009170,2023-07-20,5264.1,Changed Mind,Approved,2023-06-24,5264.1,PROD00039,5264.1,20230624,1.0
REF000034,ORD002669,ITEM0005584,2023-06-15,11347.78,Damaged,Rejected,2023-05-31,18523.9,PROD00062,11347.78,20230531,1.0
REF000035,ORD000157,ITEM0000337,2024-08-02,14336.02,Not as Described,Approved,2024-07-19,15899.11,PROD00279,14336.02,20240719,1.0
REF000036,ORD000527,ITEM0001110,2024-10-27,1057.9,Damaged,Pending,2024-10-15,1057.9,PROD00101,1057.9,20241015,1.0
REF000037,ORD000362,ITEM0000772,2023-10-19,5673.89,Not as Described,Approved,2023-09-21,24742.7,PROD00062,5673.89,20230921,1.0
REF000038,ORD001356,ITEM0002856,2023-10-12,504.1,Late Delivery,Pending,2023-10-02,6036.0599999999995,PROD00146,504.1,20231002,1.0
REF000039,ORD003351,ITEM0006986,2024-12-27,9875.78,Wrong Item,Approved,2024-11-28,9875.78,PROD00030,9875.78,20241128,1.0
REF000040,ORD002418,ITEM0005094,2023-12-20,11036.1,Damaged,Approved,2023-11-28,37854.020000000004,PROD00151,11036.1,20231128,1.0
REF000041,ORD001686,ITEM0003533,2023-10-23,24025.14,Changed Mind,Approved,2023-10-12,43948.649999999994,PROD00264,24025.14,20231012,1.0
REF000042,ORD004982,ITEM0010413,2023-12-07,7182.12,Damaged,Pending,2023-11-30,26070.83,PROD00079,7182.12,20231130,1.0
REF000043,ORD000987,ITEM0002073,2023-01-17,24820.65,Quality Issue,Rejected,2023-01-03,27176.350000000002,PROD00118,24820.65,20230103,1.0
REF000044,ORD002726,ITEM0005695,2023-04-22,4804.94,Damaged,Approved,2023-03-31,4804.94,PROD00098,4804.94,20230331,1.0
REF000045,ORD003544,ITEM0007366,2023-07-17,1789.22,Not as Described,Approved,2023-07-10,5488.06,PROD00043,1789.22,20230710,1.0
REF000046,ORD002857,ITEM0005972,2023-03-30,5910.44,Wrong Item,Pending,2023-03-07,12192.81,PROD00292,5910.44,20230307,1.0
REF000047,ORD000407,ITEM0000876,2023-02-07,9197.85,Late Delivery,Pending,2023-01-13,16480.5,PROD00119,9197.85,20230113,1.0
REF000048,ORD004180,ITEM0008719,2024-12-15,7509.95,Damaged,Approved,2024-11-27,15238.279999999999,PROD00206,7509.95,20241127,1.0
REF000049,ORD003949,ITEM0008232,2023-09-19,10128.22,Damaged,Approved,2023-09-03,16545.15,PROD00248,10128.22,20230903,1.0
REF000050,ORD000467,ITEM0000987,2024-03-22,6055.62,Late Delivery,Pending,2024-02-27,6055.62,PROD00179,6055.62,20240227,1.0
REF000051,ORD003729,ITEM0007754,2023-05-24,1505.02,Late Delivery,Rejected,2023-05-05,1505.02,PROD00095,1505.02,20230505,1.0
REF000052,ORD004781,ITEM0009990,2023-02-18,8354.87,Not as Described,Rejected,2023-02-09,22297.46,PROD00142,8354.87,20230209,1.0
REF000053,ORD004032,ITEM0008404,2024-05-25,1595.31,Quality Issue,Pending,2024-05-14,18494.43,PROD00167,1595.31,20240514,1.0
REF000054,ORD004080,ITEM0008513,2024-06-19,5633.46,Changed Mind,Rejected,2024-06-11,5633.46,PROD00274,5633.46,20240611,1.0
REF000055,ORD002525,ITEM0005306,2024-04-11,6999.91,Not as Described,Rejected,2024-03-14,10623.33,PROD00072,6999.91,20240314,1.0
REF000056,ORD004113,ITEM0008584,2024-11-19,4097.38,Late Delivery,Rejected,2024-11-11,10478.2,PROD00004,4097.38,20241111,1.0
REF000057,ORD002618,ITEM0005481,2024-11-05,7587.4,Late Delivery,Approved,2024-10-16,23529.1,PROD00272,7587.4,20241016,1.0
REF000058,ORD002433,ITEM0005120,2023-08-08,6547.46,Damaged,Pending,2023-07-20,7227.46,PROD00207,6547.46,20230720,1.0
REF000059,ORD002793,ITEM0005830,2024-09-13,16022.28,Damaged,Rejected,2024-09-06,16022.28,PROD00246,16022.28,20240906,1.0
REF000060,ORD000069,ITEM0000133,2023-05-28,11012.66,Late Delivery,Rejected,2023-05-21,8988.77,PROD00046,8988.77,20230521,1.225157613333081
REF000061,ORD000887,ITEM0001868,2023-10-28,11347.78,Changed Mind,Approved,2023-10-01,11347.78,PROD00062,11347.78,20231001,1.0
REF000062,ORD003739,ITEM0007775,2024-03-26,3095.98,Late Delivery,Approved,2024-02-27,3095.98,PROD00022,3095.98,20240227,1.0
REF000063,ORD000379,ITEM0000813,2024-11-01,-8546.58,Late Delivery,Approved,2024-10-05,2974.9400000000005,PROD00122,-8546.58,20241005,1.0
REF000064,ORD003619,ITEM0007528,2023-02-11,5282.93,Wrong Item,Pending,2023-02-01,5282.93,PROD00232,5282.93,20230201,1.0
REF000065,ORD002690,ITEM0005631,2024-05-14,11583.66,Wrong Item,Approved,2024-04-26,18210.91,PROD00086,11583.66,20240426,1.0
REF000066,ORD004727,ITEM0009860,2024-06-05,16570.38,Late Delivery,Approved,2024-05-26,16570.38,PROD00125,16570.38,20240526,1.0
REF000067,ORD001715,ITEM0003592,2024-03-28,5296.2,Not as Described,Rejected,2024-03-08,6812.46,PROD00132,5296.2,20240308,1.0
REF000068,ORD002398,ITEM0005056,2023-08-08,7636.65,Changed Mind,Rejected,2023-07-12,7636.65,PROD00189,7636.65,20230712,1.0
REF000069,ORD002537,ITEM0005323,2023-12-14,9311.21,Late Delivery,Rejected,2023-12-01,9311.21,PROD00192,9311.21,20231201,1.0
REF000070,ORD003148,ITEM0006561,2023-10-25,7782.48,Damaged,Rejected,2023-10-12,12067.619999999999,PROD00212,7782.48,20231012,1.0
REF000071,ORD004254,ITEM0008880,2024-04-07,4381.99,Damaged,Pending,2024-03-18,4381.99,PROD00275,4381.99,20240318,1.0
REF000072,ORD001240,ITEM0002607,2023-12-31,6283.38,Damaged,Pending,2023-12-24,9379.36,PROD00205,6283.38,20231224,1.0
REF000073,ORD003656,ITEM0007605,2023-02-25,7979.23,Late Delivery,Pending,2023-02-06,30513.07,PROD00281,7979.23,20230206,1.0
REF000074,ORD003638,ITEM0007564,2024-02-05,8273.43,Damaged,Approved,2024-01-11,8273.43,PROD00285,8273.43,20240111,1.0
REF000075,ORD003327,ITEM0006933,2024-01-10,25200.92,Damaged,Rejected,2023-12-26,41425.96,PROD00218,25200.92,20231226,1.0
REF000076,ORD002972,ITEM0006230,2024-06-11,7134.8,Wrong Item,Approved,2024-05-12,7134.8,PROD00166,7134.8,20240512,1.0
REF000077,ORD002142,ITEM0004508,2023-11-17,3722.14,Not as Described,Approved,2023-10-27,3722.14,PROD00057,3722.14,20231027,1.0
REF000078,ORD002825,ITEM0005899,2023-09-10,1102.46,Not as Described,Pending,2023-09-01,1102.46,PROD00092,1102.46,20230901,1.0
REF000079,ORD000817,ITEM0001737,2024-03-13,8194.76,Not as Described,Approved,2024-02-17,7284.62,PROD00004,8194.76,20240217,1.0
REF000080,ORD004178,ITEM0008715,2024-08-18,5126.71,Damaged,Approved,2024-07-19,4225.59,PROD00064,4225.59,20240719,1.2132530605193594
REF000081,ORD001801,ITEM0003769,2024-08-16,33419.48,Late Delivery,Approved,2024-07-25,33419.48,PROD00142,33419.48,20240725,1.0
REF000082,ORD000269,ITEM0000574,2024-11-12,10893.2,Quality Issue,Rejected,2024-10-14,31645.34,PROD00177,10893.2,20241014,1.0
REF000083,ORD003737,ITEM0007770,2023-12-26,1983.28,Quality Issue,Rejected,2023-12-13,1983.28,PROD00038,1983.28,20231213,1.0
REF000084,ORD004904,ITEM0010255,2024-01-26,4365.75,Not as Described,Pending,2024-01-05,29184.54,PROD00154,4365.75,20240105,1.0
REF000085,ORD001877,ITEM0003936,2023-03-23,648.79,Not as Described,Approved,2023-03-07,648.79,PROD00226,648.79,20230307,1.0
REF000086,ORD003104,ITEM0006484,2023-06-24,7427.34,Late Delivery,Rejected,2023-05-26,28678.45,PROD00283,7427.34,20230526,1.0
REF000087,ORD002865,ITEM0005989,2023-01-28,7313.64,Quality Issue,Pending,2023-01-07,7313.64,PROD00133,7313.64,20230107,1.0
REF000088,ORD000808,ITEM0001723,2024-03-29,8138.6,Not as Described,Pending,2024-03-17,14354.51,PROD00158,8138.6,20240317,1.0
REF000089,ORD001505,ITEM0003169,2024-05-07,6559.01,Not as Described,Approved,2024-04-15,6559.01,PROD00287,6559.01,20240415,1.0
REF000090,ORD003952,ITEM0008236,2023-03-27,1789.22,Wrong Item,Approved,2023-03-20,4788.61,PROD00043,1789.22,20230320,1.0
REF000091,ORD004684,ITEM0009780,2024-08-26,1891.88,Late Delivery,Pending,2024-08-01,1891.88,PROD00286,1891.88,20240801,1.0
REF000092,ORD004946,ITEM0010335,2023-07-17,3992.96,Wrong Item,Rejected,2023-07-01,4257.95,PROD00082,3992.96,20230701,1.0
REF000093,ORD002113,ITEM0004447,2023-05-22,945.94,Late Delivery,Pending,2023-05-03,2910.33,PROD00286,945.94,20230503,1.0
REF000094,ORD004260,ITEM0008888,2023-12-26,5941.63,Damaged,Approved,2023-12-07,12500.64,PROD00054,5941.63,20231207,1.0
REF000095,ORD002746,ITEM0005732,2024-04-12,4639.15,Not as Described,Pending,2024-04-03,12174.93,PROD00096,4639.15,20240403,1.0
REF000096,ORD002503,ITEM0005253,2024-02-16,27408.21,Late Delivery,Rejected,2024-02-03,29065.62,PROD00103,27408.21,20240203,1.0
REF000097,ORD002386,ITEM0005021,2023-02-02,1869.32,Not as Described,Rejected,2023-01-08,8528.72,PROD00239,1869.32,20230108,1.0
REF000098,ORD003536,ITEM0007350,2024-09-23,12564.74,Not as Described,Pending,2024-08-27,16149.029999999999,PROD00107,12564.74,20240827,1.0
REF000099,ORD001207,ITEM0002534,2023-11-13,11784.91,Wrong Item,Pending,2023-10-22,15035.71,PROD00059,11784.91,20231022,1.0
REF000100,ORD002984,ITEM0006258,2023-08-23,11901.55,Quality Issue,Approved,2023-08-05,14998.759999999998,PROD00088,11901.55,20230805,1.0
REF000101,ORD002908,ITEM0006084,2024-10-05,2500.46,Damaged,Approved,2024-09-21,2500.46,PROD00129,2500.46,20240921,1.0
REF000102,ORD003526,ITEM0007328,2024-11-13,504.1,Not as Described,Rejected,2024-10-25,44447.54,PROD00146,504.1,20241025,1.0
REF000103,ORD001706,ITEM0003577,2023-10-13,7636.65,Quality Issue,Rejected,2023-10-01,10815.789999999999,PROD00189,7636.65,20231001,1.0
REF000104,ORD002832,ITEM0005920,2024-12-03,1759.29,Changed Mind,Rejected,2024-11-12,12630.77,PROD00296,1759.29,20241112,1.0
REF000105,ORD003558,ITEM0007395,2023-10-21,2593.85,Late Delivery,Pending,2023-09-24,2295.26,PROD00114,2295.26,20230924,1.130089837316905
REF000106,ORD002628,ITEM0005500,2024-02-24,10653.48,Quality Issue,Approved,2024-02-18,10653.48,PROD00049,10653.48,20240218,1.0
REF000107,ORD002919,ITEM0006102,2023-12-02,2533.01,Late Delivery,Rejected,2023-11-10,9452.82,PROD00034,2533.01,20231110,1.0
REF000108,ORD004388,ITEM0009167,2023-08-23,6559.01,Damaged,Pending,2023-08-13,6559.01,PROD00287,6559.01,20230813,1.0
REF000109,ORD001273,ITEM0002680,2024-11-10,8399.52,Changed Mind,Pending,2024-10-28,10151.93,PROD00128,8399.52,20241028,1.0
REF000110,ORD002320,ITEM0004889,2023-04-24,1071.1,Not as Described,Approved,2023-04-13,11708.95,PROD00194,1071.1,20230413,1.0
REF000111,ORD001763,ITEM0003691,2023-08-03,7355.63,Quality Issue,Rejected,2023-07-14,7355.63,PROD00234,7355.63,20230714,1.0
REF000112,ORD000173,ITEM0000379,2023-02-26,18647.73,Quality Issue,Rejected,2023-01-29,18647.73,PROD00245,18647.73,20230129,1.0
REF000113,ORD002946,ITEM0006166,2024-05-14,4112.2,Late Delivery,Approved,2024-05-02,22245.51,PROD00086,4112.2,20240502,1.0
REF000114,ORD001430,ITEM0003004,2023-12-28,3435.42,Quality Issue,Approved,2023-12-02,3435.42,PROD00045,3435.42,20231202,1.0
REF000115,ORD000126,ITEM0000270,2024-12-21,1589.23,Changed Mind,Rejected,2024-11-22,9601.68,PROD00068,1589.23,20241122,1.0
REF000116,ORD003231,ITEM0006729,2023-03-29,2973.54,Quality Issue,Approved,2023-03-13,10952.77,PROD00267,2973.54,20230313,1.0
REF000117,ORD003859,ITEM0008037,2024-04-20,6501.6,Damaged,Pending,2024-04-13,8251.79,PROD00227,6501.6,20240413,1.0
REF000118,ORD001996,ITEM0004186,2023-03-26,1805.0,Wrong Item,Rejected,2023-02-25,11920.71,PROD00019,1805.0,20230225,1.0
REF000119,ORD001954,ITEM0004089,2023-03-10,7518.69,Quality Issue,Pending,2023-02-08,8976.75,PROD00007,7518.69,20230208,1.0
REF000120,ORD003670,ITEM0007639,2023-10-19,4592.96,Damaged,Pending,2023-09-25,4592.96,PROD00058,4592.96,20230925,1.0
REF000121,ORD001848,ITEM0003872,2024-11-19,14839.91,Late Delivery,Rejected,2024-10-30,15223.470000000001,PROD00128,12599.28,20241030,1.1778379399457746
REF000122,ORD001580,ITEM0003326,2024-05-11,16074.27,Quality Issue,Rejected,2024-05-02,16074.27,PROD00169,16074.27,20240502,1.0
REF000123,ORD004282,ITEM0008932,2024-09-16,739.29,Wrong Item,Pending,2024-08-28,4735.17,PROD00005,739.29,20240828,1.0
REF000124,ORD004283,ITEM0008935,2024-03-02,2151.19,Changed Mind,Pending,2024-02-25,3021.45,PROD00173,2151.19,20240225,1.0
REF000125,ORD003158,ITEM0006583,2024-08-01,7057.38,Damaged,Rejected,2024-07-16,11257.14,PROD00190,7057.38,20240716,1.0
REF000126,ORD001170,ITEM0002461,2024-06-17,7636.65,Damaged,Rejected,2024-05-19,7636.65,PROD00189,7636.65,20240519,1.0
REF000127,ORD000691,ITEM0001461,2024-06-06,534.87,Damaged,Approved,2024-05-16,4151.12,PROD00071,534.87,20240516,1.0
REF000128,ORD000894,ITEM0001885,2024-02-03,3695.97,Damaged,Pending,2024-01-09,3695.97,PROD00152,3695.97,20240109,1.0
REF000129,ORD000579,ITEM0001230,2023-02-24,9069.09,Quality Issue,Pending,2023-02-07,17423.96,PROD00115,9069.09,20230207,1.0
REF000130,ORD002773,ITEM0005785,2024-06-21,3472.93,Changed Mind,Pending,2024-06-03,41008.91,PROD00113,3472.93,20240603,1.0
REF000131,ORD003034,ITEM0006349,2023-06-21,4610.44,Late Delivery,Rejected,2023-06-03,14946.189999999999,PROD00250,4610.44,20230603,1.0
REF000132,ORD003394,ITEM0007060,2024-11-25,4858.02,Changed Mind,Pending,2024-11-10,10475.11,PROD00170,4858.02,20241110,1.0
REF000133,ORD004933,ITEM0010311,2023-11-30,8354.87,Late Delivery,Approved,2023-11-15,25495.43,PROD00142,8354.87,20231115,1.0
REF000134,ORD000768,ITEM0001641,2023-03-18,2025.14,Quality Issue,Approved,2023-02-24,26984.25,PROD00124,2025.14,20230224,1.0
REF000135,ORD002816,ITEM0005878,2024-08-16,1155.59,Wrong Item,Pending,2024-07-27,1155.59,PROD00235,1155.59,20240727,1.0
REF000136,ORD001672,ITEM0003510,2024-01-16,11549.43,Not as Described,Rejected,2024-01-05,34159.97,PROD00122,11549.43,20240105,1.0
REF000137,ORD002471,ITEM0005188,2023-07-15,15970.08,Not as Described,Approved,2023-06-24,17116.54,PROD00178,15970.08,20230624,1.0
REF000138,ORD002165,ITEM0004552,2023-08-10,4961.76,Not as Described,Rejected,2023-07-31,6454.12,PROD00147,4961.76,20230731,1.0
REF000139,ORD002283,ITEM0004808,2023-07-31,5719.12,Late Delivery,Pending,2023-07-07,20532.79,PROD00130,5719.12,20230707,1.0
REF000140,ORD003735,ITEM0007765,2023-05-10,1490.65,Changed Mind,Approved,2023-05-05,1490.65,PROD00092,1490.65,20230505,1.0
REF000141,ORD000137,ITEM0000289,2024-11-20,5435.74,Wrong Item,Pending,2024-11-03,18957.86,PROD00037,5435.74,20241103,1.0
REF000142,ORD001982,ITEM0004153,2024-05-06,4706.05,Quality Issue,Pending,2024-04-25,24469.440000000002,PROD00045,4706.05,20240425,1.0
REF000143,ORD001633,ITEM0003433,2023-09-20,4992.86,Wrong Item,Pending,2023-09-01,6539.82,PROD00242,4992.86,20230901,1.0
REF000144,ORD004058,ITEM0008464,2024-12-06,13999.82,Changed Mind,Pending,2024-11-08,22530.64,PROD00072,13999.82,20241108,1.0
REF000145,ORD001582,ITEM0003333,2024-08-08,8181.04,Wrong Item,Approved,2024-07-17,10653.43,PROD00069,8181.04,20240717,1.0
REF000146,ORD000111,ITEM0000233,2024-02-20,4207.25,Wrong Item,Pending,2024-02-01,4207.25,PROD00265,4207.25,20240201,1.0
REF000147,ORD002656,ITEM0005557,2023-10-02,534.87,Quality Issue,Pending,2023-09-09,534.87,PROD00071,534.87,20230909,1.0
REF000148,ORD001200,ITEM0002521,2024-12-08,5515.62,Not as Described,Rejected,2024-11-09,10010.07,PROD00285,5515.62,20241109,1.0
REF000149,ORD001312,ITEM0002771,2023-06-16,4066.81,Quality Issue,Pending,2023-05-18,4066.81,PROD00031,4066.81,20230518,1.0
REF000150,ORD001108,ITEM0002338,2024-11-20,344.65,Damaged,Pending,2024-11-01,5574.75,PROD00219,344.65,20241101,1.0
REF000151,ORD002646,ITEM0005535,2024-05-06,494.65,Damaged,Pending,2024-04-24,26059.82,PROD00090,494.65,20240424,1.0
REF000152,ORD001220,ITEM0002554,2023-10-18,5755.62,Changed Mind,Approved,2023-10-10,4872.99,PROD00211,4872.99,20231010,1.1811269877426385
REF000153,ORD001955,ITEM0004090,2024-10-25,18006.94,Changed Mind,Rejected,2024-10-19,20648.96,PROD00279,14336.02,20241019,1.2560627008053837
REF000154,ORD002481,ITEM0005210,2023-05-01,11305.27,Wrong Item,Pending,2023-04-01,47169.54,PROD00121,11305.27,20230401,1.0
REF000155,ORD004546,ITEM0009501,2024-06-13,9926.14,Changed Mind,Rejected,2024-05-25,9926.14,PROD00107,9926.14,20240525,1.0
REF000156,ORD000576,ITEM0001225,2024-08-17,8166.71,Wrong Item,Rejected,2024-07-29,8166.71,PROD00151,8166.71,20240729,1.0
REF000157,ORD001951,ITEM0004081,2024-10-16,4097.38,Late Delivery,Rejected,2024-09-19,4097.38,PROD00004,4097.38,20240919,1.0
REF000158,ORD002728,ITEM0005698,2024-01-15,14683.82,Late Delivery,Approved,2023-12-24,14683.82,PROD00247,14683.82,20231224,1.0
REF000159,ORD000207,ITEM0000451,2023-03-29,4595.24,Changed Mind,Approved,2023-02-27,18329.39,PROD00057,4595.24,20230227,1.0
REF000160,ORD002592,ITEM0005425,2024-04-20,1505.02,Not as Described,Approved,2024-04-07,21412.04,PROD00095,1505.02,20240407,1.0
REF000161,ORD003367,ITEM0007013,2023-08-03,1263.16,Damaged,Pending,2023-07-11,1263.16,PROD00228,1263.16,20230711,1.0
REF000162,ORD004545,ITEM0009500,2024-04-24,1589.23,Damaged,Pending,2024-03-30,1589.23,PROD00068,1589.23,20240330,1.0
REF000163,ORD001474,ITEM0003099,2023-02-10,4592.96,Not as Described,Pending,2023-01-13,4592.96,PROD00058,4592.96,20230113,1.0
REF000164,ORD003348,ITEM0006980,2024-06-24,16822.28,Late Delivery,Pending,2024-06-05,82090.85,PROD00061,16822.28,20240605,1.0
REF000165,ORD001579,ITEM0003325,2023-12-16,18662.0,Wrong Item,Approved,2023-11-20,21367.55,PROD00138,18662.0,20231120,1.0
REF000166,ORD001203,ITEM0002525,2023-06-23,35354.73,Late Delivery,Approved,2023-06-07,35354.73,PROD00059,35354.73,20230607,1.0
REF000167,ORD004520,ITEM0009444,2023-12-28,8962.62,Changed Mind,Pending,2023-12-05,9360.28,PROD00141,8962.62,20231205,1.0
REF000168,ORD001053,ITEM0002232,2024-09-01,16016.76,Not as Described,Approved,2024-08-25,26869.77,PROD00264,16016.76,20240825,1.0
REF000169,ORD000415,ITEM0000894,2023-07-28,759.52,Wrong Item,Approved,2023-07-22,38484.31,PROD00071,759.52,20230722,1.0
REF000170,ORD003762,ITEM0007828,2024-09-20,2251.53,Damaged,Approved,2024-08-25,2251.53,PROD00222,2251.53,20240825,1.0
REF000171,ORD000098,ITEM0000199,2024-09-20,6072.25,Changed Mind,Approved,2024-08-23,41478.24,PROD00199,6072.25,20240823,1.0
REF000172,ORD003245,ITEM0006756,2023-06-16,10128.22,Not as Described,Rejected,2023-05-19,14012.4,PROD00248,10128.22,20230519,1.0
REF000173,ORD003823,ITEM0007952,2023-06-06,8632.13,Damaged,Rejected,2023-05-11,22195.1,PROD00206,8632.13,20230511,1.0
REF000174,ORD001515,ITEM0003188,2024-07-26,-3500.38,Quality Issue,Rejected,2024-07-17,22070.36,PROD00160,-3500.38,20240717,1.0
REF000175,ORD000395,ITEM0000849,2023-04-18,3616.25,Changed Mind,Pending,2023-03-19,3616.25,PROD00182,3616.25,20230319,1.0
REF000176,ORD000452,ITEM0000959,2023-05-23,9420.21,Quality Issue,Pending,2023-05-03,9420.21,PROD00074,9420.21,20230503,1.0
REF000177,ORD000154,ITEM0000332,2023-08-02,6463.91,Quality Issue,Pending,2023-07-13,9749.59,PROD00079,6463.91,20230713,1.0
REF000178,ORD003753,ITEM0007804,2024-02-08,3248.66,Wrong Item,Pending,2024-01-18,25713.11,PROD00211,3248.66,20240118,1.0
REF000179,ORD004512,ITEM0009431,2024-07-10,2043.03,Quality Issue,Pending,2024-06-27,2043.03,PROD00104,2043.03,20240627,1.0
REF000180,ORD000820,ITEM0001744,2023-01-31,3457.61,Damaged,Pending,2023-01-16,3457.61,PROD00267,3457.61,20230116,1.0
REF000181,ORD003144,ITEM0006554,2024-02-29,5655.04,Changed Mind,Rejected,2024-02-20,17685.64,PROD00205,5655.04,20240220,1.0
REF000182,ORD000961,ITEM0002018,2024-06-18,4643.97,Changed Mind,Pending,2024-06-03,7063.29,PROD00022,4643.97,20240603,1.0
REF000183,ORD000655,ITEM0001378,2023-03-24,5000.92,Wrong Item,Rejected,2023-03-12,41786.39,PROD00129,5000.92,20230312,1.0
REF000184,ORD000228,ITEM0000491,2023-03-06,2745.97,Late Delivery,Rejected,2023-02-20,8940.39,PROD00163,2745.97,20230220,1.0
REF000185,ORD004992,ITEM0010437,2024-04-14,3963.99,Not as Described,Pending,2024-03-30,20879.68,PROD00106,3963.99,20240330,1.0
REF000186,ORD002495,ITEM0005235,2024-08-03,7131.42,Changed Mind,Rejected,2024-07-26,39213.65,PROD00200,7131.42,20240726,1.0
REF000187,ORD004547,ITEM0009504,2024-10-05,35307.52,Not as Described,Rejected,2024-09-24,52812.78999999999,PROD00013,35307.52,20240924,1.0
REF000188,ORD001786,ITEM0003736,2024-08-06,3784.26,Late Delivery,Approved,2024-07-24,3065.64,PROD00155,3065.64,20240724,1.2344110854503465
REF000189,ORD003841,ITEM0007991,2024-03-28,4199.76,Quality Issue,Rejected,2024-02-28,5660.6,PROD00128,4199.76,20240228,1.0
REF000190,ORD000101,ITEM0000207,2023-07-30,2525.54,Damaged,Pending,2023-07-10,2525.54,PROD00157,2525.54,20230710,1.0
REF000191,ORD001168,ITEM0002459,2024-11-17,1532.82,Changed Mind,Pending,2024-11-12,1532.82,PROD00155,1532.82,20241112,1.0
REF000192,ORD004724,ITEM0009856,2024-07-03,495.09,Changed Mind,Rejected,2024-06-07,495.09,PROD00159,495.09,20240607,1.0
REF000193,ORD002563,ITEM0005371,2024-12-06,521.68,Quality Issue,Approved,2024-11-12,5490.8099999999995,PROD00217,521.68,20241112,1.0
REF000194,ORD001301,ITEM0002752,2023-09-26,16514.46,Late Delivery,Pending,2023-09-13,16514.46,PROD00164,16514.46,20230913,1.0
REF000195,ORD000928,ITEM0001955,2023-05-14,13018.8,Late Delivery,Approved,2023-05-02,-8375.46,PROD00102,13018.8,20230502,1.0
REF000196,ORD001054,ITEM0002234,2024-04-18,2361.77,Late Delivery,Pending,2024-03-22,4767.349999999999,PROD00081,2361.77,20240322,1.0
REF000197,ORD001447,ITEM0003045,2023-09-05,4432.81,Late Delivery,Pending,2023-08-24,29708.95,PROD00273,4432.81,20230824,1.0
REF000198,ORD000773,ITEM0001651,2024-09-19,6449.58,Wrong Item,Approved,2024-09-06,40814.44,PROD00094,6449.58,20240906,1.0
REF000199,ORD002885,ITEM0006036,2024-04-24,7407.55,Quality Issue,Pending,2024-04-11,7407.55,PROD00189,7407.55,20240411,1.0
REF000200,ORD004970,ITEM0010386,2024-03-31,14566.62,Not as Described,Approved,2024-03-05,27101.190000000002,PROD00024,14566.62,20240305,1.0
REF000201,ORD001526,ITEM0003218,2023-07-11,7872.57,Changed Mind,Rejected,2023-06-29,18805.789999999997,PROD00081,7872.57,20230629,1.0
REF000202,ORD000661,ITEM0001393,2023-11-05,1118.21,Not as Described,Pending,2023-10-27,17721.95,PROD00136,1118.21,20231027,1.0
REF000203,ORD002272,ITEM0004785,2024-01-26,791.63,Quality Issue,Approved,2024-01-05,791.63,PROD00253,791.63,20240105,1.0
REF000204,ORD003198,ITEM0006657,2023-10-05,3175.82,Damaged,Approved,2023-09-10,15300.86,PROD00190,3175.82,20230910,1.0
REF000205,ORD002672,ITEM0005589,2023-11-29,6943.34,Damaged,Approved,2023-11-24,25240.690000000002,PROD00036,6943.34,20231124,1.0
REF000206,ORD003023,ITEM0006327,2023-09-15,3895.06,Damaged,Pending,2023-08-26,10178.44,PROD00097,3895.06,20230826,1.0
REF000207,ORD004338,ITEM0009057,2023-10-08,5959.32,Not as Described,Approved,2023-09-17,9752.5,PROD00259,5959.32,20230917,1.0
REF000208,ORD001477,ITEM0003104,2023-07-29,9136.07,Late Delivery,Pending,2023-07-10,16519.7,PROD00103,9136.07,20230710,1.0
REF000209,ORD003412,ITEM0007098,2024-07-05,6680.3,Wrong Item,Pending,2024-06-11,6680.3,PROD00210,6680.3,20240611,1.0
REF000210,ORD003390,ITEM0007052,2023-10-18,19508.62,Changed Mind,Rejected,2023-10-03,19508.62,PROD00144,19508.62,20231003,1.0
REF000211,ORD001300,ITEM0002750,2024-06-03,9220.88,Wrong Item,Approved,2024-05-20,11263.91,PROD00250,9220.88,20240520,1.0
REF000212,ORD004900,ITEM0010241,2024-07-21,19258.89,Changed Mind,Rejected,2024-07-12,19258.89,PROD00039,19258.89,20240712,1.0
REF000213,ORD004876,ITEM0010189,2023-11-10,4549.33,Not as Described,Pending,2023-10-30,4549.33,PROD00244,4549.33,20231030,1.0
REF000214,ORD002247,ITEM0004729,2024-04-22,781.78,Changed Mind,Rejected,2024-03-27,11591.84,PROD00089,781.78,20240327,1.0
REF000215,ORD003707,ITEM0007704,2023-05-10,26651.8,Damaged,Pending,2023-04-29,26651.8,PROD00075,26651.8,20230429,1.0
REF000216,ORD000146,ITEM0000313,2024-08-11,24196.23,Changed Mind,Approved,2024-07-23,33401.53,PROD00197,24196.23,20240723,1.0
REF000217,ORD001814,ITEM0003795,2023-01-15,3506.84,Wrong Item,Pending,2023-01-07,25458.0,PROD00023,3506.84,20230107,1.0
REF000218,ORD000534,ITEM0001130,2023-05-20,3115.99,Damaged,Approved,2023-04-21,28160.15,PROD00201,3115.99,20230421,1.0
REF000219,ORD001910,ITEM0003996,2023-06-29,5014.56,Not as Described,Rejected,2023-06-12,22249.32,PROD00105,5014.56,20230612,1.0
REF000220,ORD001202,ITEM0002523,2024-06-05,4586.81,Quality Issue,Pending,2024-05-21,7564.630000000001,PROD00266,4586.81,20240521,1.0
REF000221,ORD004525,ITEM0009453,2023-07-04,6999.91,Wrong Item,Pending,2023-06-27,6999.91,PROD00072,6999.91,20230627,1.0
REF000222,ORD001149,ITEM0002428,2024-01-11,1816.09,Wrong Item,Approved,2024-01-04,1816.09,PROD00156,1816.09,20240104,1.0
REF000223,ORD001761,ITEM0003687,2024-04-02,18290.73,Wrong Item,Approved,2024-03-20,35924.88,PROD00012,18290.73,20240320,1.0
REF000224,ORD004884,ITEM0010205,2023-10-20,9701.52,Not as Described,Rejected,2023-09-25,15601.98,PROD00122,9701.52,20230925,1.0
REF000225,ORD001069,ITEM0002260,2023-04-18,4979.64,Quality Issue,Approved,2023-04-09,4979.64,PROD00263,4979.64,20230409,1.0
REF000226,ORD002230,ITEM0004691,2023-03-23,2894.21,Changed Mind,Pending,2023-03-10,2894.21,PROD00161,2894.21,20230310,1.0
REF000227,ORD004809,ITEM0010039,2024-07-04,6326.27,Not as Described,Pending,2024-06-21,6326.27,PROD00056,6326.27,20240621,1.0
REF000228,ORD004168,ITEM0008689,2023-10-04,28919.96,Damaged,Pending,2023-09-26,28919.96,PROD00053,28919.96,20230926,1.0
REF000229,ORD002714,ITEM0005677,2023-07-28,4595.24,Wrong Item,Pending,2023-07-21,10600.51,PROD00057,4595.24,20230721,1.0
REF000230,ORD000938,ITEM0001974,2024-10-08,1075.34,Changed Mind,Approved,2024-09-13,1075.34,PROD00143,1075.34,20240913,1.0
REF000231,ORD002080,ITEM0004373,2024-05-02,8536.54,Changed Mind,Rejected,2024-04-08,8536.54,PROD00064,8536.54,20240408,1.0
REF000232,ORD000737,ITEM0001571,2023-09-13,3835.95,Not as Described,Rejected,2023-08-20,3835.95,PROD00116,3835.95,20230820,1.0
REF000233,ORD003175,ITEM0006612,2024-09-21,7970.85,Changed Mind,Rejected,2024-08-30,7970.85,PROD00020,7970.85,20240830,1.0
REF000234,ORD002151,ITEM0004523,2023-10-14,3095.41,Damaged,Rejected,2023-09-21,3928.2799999999997,PROD00105,3095.41,20230921,1.0
REF000235,ORD004736,ITEM0009885,2024-10-15,10128.22,Quality Issue,Approved,2024-09-17,18232.83,PROD00248,10128.22,20240917,1.0
REF000236,ORD000558,ITEM0001181,2023-05-05,4447.21,Late Delivery,Pending,2023-04-14,11557.810000000001,PROD00169,4447.21,20230414,1.0
REF000237,ORD001994,ITEM0004180,2024-11-11,504.1,Not as Described,Pending,2024-11-03,504.1,PROD00146,504.1,20241103,1.0
REF000238,ORD002280,ITEM0004800,2023-09-02,16547.1,Late Delivery,Approved,2023-08-18,27331.37,PROD00118,16547.1,20230818,1.0
REF000239,ORD000109,ITEM0000228,2023-02-05,2033.18,Changed Mind,Approved,2023-01-06,21806.91,PROD00202,2033.18,20230106,1.0
REF000240,ORD002474,ITEM0005192,2023-03-05,3169.63,Damaged,Approved,2023-02-26,6467.11,PROD00130,3169.63,20230226,1.0
REF000241,ORD004926,ITEM0010298,2023-01-21,7110.6,Late Delivery,Rejected,2023-01-10,7110.6,PROD00162,7110.6,20230110,1.0
REF000242,ORD003107,ITEM0006490,2023-09-11,4038.76,Late Delivery,Pending,2023-08-29,5823.71,PROD00167,4038.76,20230829,1.0
REF000243,ORD001615,ITEM0003401,2024-03-10,602.24,Late Delivery,Rejected,2024-02-28,602.24,PROD00032,602.24,20240228,1.0
REF000244,ORD002101,ITEM0004415,2024-10-14,10095.9,Not as Described,Pending,2024-09-20,28218.61,PROD00251,10095.9,20240920,1.0
REF000245,ORD000932,ITEM0001963,2024-05-02,198.83,Wrong Item,Pending,2024-04-19,198.83,PROD00159,198.83,20240419,1.0
REF000246,ORD004121,ITEM0008596,2024-05-28,3721.22,Damaged,Rejected,2024-05-08,3721.22,PROD00041,3721.22,20240508,1.0
REF000247,ORD003297,ITEM0006856,2024-08-07,8008.38,Not as Described,Pending,2024-07-21,10033.52,PROD00264,8008.38,20240721,1.0
REF000248,ORD004820,ITEM0010061,2024-03-31,526.69,Changed Mind,Pending,2024-03-09,3777.4900000000002,PROD00183,526.69,20240309,1.0
REF000249,ORD003443,ITEM0007152,2023-07-29,2686.72,Late Delivery,Approved,2023-07-21,4311.049999999999,PROD00300,2686.72,20230721,1.0
REF000250,ORD003338,ITEM0006958,2024-12-01,5799.72,Not as Described,Approved,2024-11-26,10390.240000000002,PROD00029,5799.72,20241126,1.0
REF000251,ORD004090,ITEM0008531,2024-09-18,3319.0,Changed Mind,Pending,2024-08-26,3319.0,PROD00087,3319.0,20240826,1.0
REF000252,ORD003548,ITEM0007375,2023-11-27,11432.91,Wrong Item,Pending,2023-11-20,11432.91,PROD00065,11432.91,20231120,1.0
REF000253,ORD002044,ITEM0004295,2023-05-02,6689.61,Changed Mind,Pending,2023-04-04,9795.13,PROD00017,6689.61,20230404,1.0
REF000254,ORD002389,ITEM0005028,2024-07-30,1492.36,Changed Mind,Approved,2024-07-06,1492.36,PROD00097,1492.36,20240706,1.0
REF000255,ORD002220,ITEM0004671,2023-02-05,12266.04,Wrong Item,Rejected,2023-01-18,12266.04,PROD00200,12266.04,20230118,1.0
REF000256,ORD003020,ITEM0006322,2024-10-25,28357.72,Quality Issue,Pending,2024-10-02,28357.72,PROD00012,28357.72,20241002,1.0
REF000257,ORD001453,ITEM0003057,2024-02-26,3472.93,Wrong Item,Rejected,2024-01-28,3472.93,PROD00113,3472.93,20240128,1.0
REF000258,ORD004598,ITEM0009602,2024-01-09,954.54,Damaged,Pending,2023-12-17,14932.98,PROD00203,954.54,20231217,1.0
REF000259,ORD000439,ITEM0000936,2024-08-26,6478.9,Damaged,Approved,2024-08-05,6478.9,PROD00084,6478.9,20240805,1.0
REF000260,ORD004587,ITEM0009582,2023-07-09,497.65,Quality Issue,Rejected,2023-07-01,497.65,PROD00278,497.65,20230701,1.0
REF000261,ORD002580,ITEM0005396,2023-04-26,31947.57,Wrong Item,Pending,2023-03-29,45065.59,PROD00299,31947.57,20230329,1.0
REF000262,ORD003624,ITEM0007537,2024-12-27,6137.52,Changed Mind,Rejected,2024-11-29,16814.88,PROD00116,6137.52,20241129,1.0
REF000263,ORD002122,ITEM0004464,2023-01-31,28260.63,Damaged,Rejected,2023-01-01,48513.340000000004,PROD00074,28260.63,20230101,1.0
REF000264,ORD000769,ITEM0001642,2024-06-17,3939.03,Damaged,Approved,2024-06-03,3939.03,PROD00236,3939.03,20240603,1.0
REF000265,ORD001281,ITEM0002697,2023-05-27,9030.4,Late Delivery,Pending,2023-05-06,9030.4,PROD00147,9030.4,20230506,1.0
REF000266,ORD002558,ITEM0005360,2024-10-25,5113.29,Not as Described,Approved,2024-10-20,5113.29,PROD00238,5113.29,20241020,1.0
REF000267,ORD003671,ITEM0007640,2023-05-21,8040.75,Damaged,Rejected,2023-05-05,25895.49,PROD00272,6525.16,20230505,1.2322686340258324
REF000268,ORD003273,ITEM0006815,2024-07-01,6509.4,Quality Issue,Rejected,2024-06-18,12574.21,PROD00102,6509.4,20240618,1.0
REF000269,ORD004249,ITEM0008872,2023-11-25,21241.75,Not as Described,Rejected,2023-11-13,21241.75,PROD00158,21241.75,20231113,1.0
REF000270,ORD004041,ITEM0008427,2024-02-28,198.83,Quality Issue,Rejected,2024-02-18,198.83,PROD00159,198.83,20240218,1.0
REF000271,ORD000559,ITEM0001182,2023-06-16,2894.21,Not as Described,Pending,2023-06-06,13235.580000000002,PROD00161,2894.21,20230606,1.0
REF000272,ORD001674,ITEM0003514,2023-09-04,17297.34,Changed Mind,Pending,2023-08-13,17297.34,PROD00275,17297.34,20230813,1.0
REF000273,ORD004995,ITEM0010447,2024-06-29,2816.82,Changed Mind,Approved,2024-06-02,7554.56,PROD00105,2816.82,20240602,1.0
REF000274,ORD000811,ITEM0001728,2024-05-28,546.18,Wrong Item,Pending,2024-05-18,546.18,PROD00171,546.18,20240518,1.0
REF000275,ORD003032,ITEM0006345,2024-07-18,2995.12,Quality Issue,Approved,2024-07-12,2995.12,PROD00251,2995.12,20240712,1.0
REF000276,ORD004692,ITEM0009795,2023-11-02,3120.09,Damaged,Approved,2023-10-12,3559.67,PROD00235,3120.09,20231012,1.0
REF000277,ORD000265,ITEM0000566,2024-09-10,1204.59,Quality Issue,Rejected,2024-08-31,1204.59,PROD00014,1204.59,20240831,1.0
REF000278,ORD003975,ITEM0008282,2024-11-04,18243.18,Changed Mind,Pending,2024-10-09,15970.08,PROD00178,15970.08,20241009,1.1423349162934688
REF000279,ORD003142,ITEM0006549,2023-11-15,534.26,Changed Mind,Approved,2023-10-23,3154.8199999999997,PROD00136,534.26,20231023,1.0
REF000280,ORD001146,ITEM0002421,2024-08-09,25129.48,Not as Described,Rejected,2024-07-18,56837.11,PROD00107,25129.48,20240718,1.0
REF000281,ORD002107,ITEM0004424,2023-11-11,5172.49,Quality Issue,Pending,2023-10-12,23887.04,PROD00207,5172.49,20231012,1.0
REF000282,ORD003077,ITEM0006429,2024-02-07,5504.82,Not as Described,Pending,2024-01-11,5504.82,PROD00164,5504.82,20240111,1.0
REF000283,ORD002041,ITEM0004289,2024-06-02,14262.84,Changed Mind,Rejected,2024-05-08,16101.57,PROD00200,14262.84,20240508,1.0
REF000284,ORD003551,ITEM0007382,2023-12-13,3657.98,Late Delivery,Pending,2023-12-05,10840.1,PROD00199,3657.98,20231205,1.0
REF000285,ORD003669,ITEM0007637,2024-04-19,8263.0,Damaged,Approved,2024-03-28,16271.380000000001,PROD00195,8263.0,20240328,1.0
REF000286,ORD003867,ITEM0008053,2024-12-23,4350.17,Wrong Item,Rejected,2024-11-29,13051.94,PROD00270,4350.17,20241129,1.0
REF000287,ORD001227,ITEM0002570,2023-01-24,1961.29,Damaged,Rejected,2023-01-18,1961.29,PROD00011,1961.29,20230118,1.0
REF000288,ORD003769,ITEM0007841,2023-09-27,724.47,Wrong Item,Pending,2023-09-19,3670.2200000000003,PROD00268,724.47,20230919,1.0
REF000289,ORD001371,ITEM0002885,2024-02-13,8235.83,Not as Described,Approved,2024-01-15,8235.83,PROD00042,8235.83,20240115,1.0
REF000290,ORD001120,ITEM0002361,2024-05-16,2249.9,Damaged,Approved,2024-05-05,6291.700000000001,PROD00257,2249.9,20240505,1.0
REF000291,ORD004910,ITEM0010264,2023-05-30,2374.01,Changed Mind,Approved,2023-05-04,2374.01,PROD00157,2374.01,20230504,1.0
REF000292,ORD001437,ITEM0003018,2024-01-21,6217.48,Wrong Item,Pending,2024-01-01,6217.48,PROD00216,6217.48,20240101,1.0
REF000293,ORD003376,ITEM0007029,2023-08-01,16395.68,Quality Issue,Rejected,2023-07-03,51167.8,PROD00297,16395.68,20230703,1.0
REF000294,ORD002162,ITEM0004544,2023-10-30,498.3,Damaged,Rejected,2023-10-02,498.3,PROD00117,498.3,20231002,1.0
REF000295,ORD004278,ITEM0008922,2024-10-12,8235.83,Quality Issue,Rejected,2024-09-14,8235.83,PROD00042,8235.83,20240914,1.0
REF000296,ORD003155,ITEM0006578,2024-11-16,5326.74,Quality Issue,Approved,2024-10-27,6061.67,PROD00049,5326.74,20241027,1.0
REF000297,ORD004253,ITEM0008879,2024-05-26,8661.51,Not as Described,Rejected,2024-04-27,8661.51,PROD00181,8661.51,20240427,1.0
REF000298,ORD001748,ITEM0003659,2023-02-23,2445.54,Damaged,Rejected,2023-02-13,2445.54,PROD00101,2445.54,20230213,1.0
REF000299,ORD000055,ITEM0000105,2024-07-29,12652.54,Changed Mind,Rejected,2024-07-14,12652.54,PROD00056,12652.54,20240714,1.0
REF000300,ORD004132,ITEM0008619,2023-03-27,1721.94,Wrong Item,Approved,2023-03-03,15766.7,PROD00165,1721.94,20230303,1.0
REF000301,ORD002824,ITEM0005895,2024-12-05,526.69,Changed Mind,Rejected,2024-11-09,8524.58,PROD00183,526.69,20241109,1.0
REF000302,ORD000142,ITEM0000301,2024-12-03,8389.95,Changed Mind,Pending,2024-11-20,26544.010000000002,PROD00294,6546.07,20241120,1.2816774033885983
REF000303,ORD003080,ITEM0006434,2024-10-13,10298.81,Damaged,Pending,2024-09-26,30809.059999999998,PROD00058,8818.48,20240926,1.1678667979062152
REF000304,ORD003618,ITEM0007527,2024-12-02,4768.7,Wrong Item,Approved,2024-11-19,4768.7,PROD00169,4768.7,20241119,1.0
REF000305,ORD001249,ITEM0002627,2024-07-16,13052.66,Late Delivery,Rejected,2024-06-25,13052.66,PROD00276,13052.66,20240625,1.0
REF000306,ORD000312,ITEM0000669,2024-01-03,5799.44,Wrong Item,Approved,2023-12-06,5799.44,PROD00021,5799.44,20231206,1.0
REF000307,ORD004746,ITEM0009908,2023-12-01,32033.52,Quality Issue,Rejected,2023-11-03,60426.57,PROD00264,32033.52,20231103,1.0
REF000308,ORD000398,ITEM0000853,2023-04-21,10870.26,Not as Described,Rejected,2023-04-04,10870.26,PROD00254,10870.26,20230404,1.0
REF000309,ORD000583,ITEM0001239,2025-03-26,7256.78,Wrong Item,Approved,2025-03-13,7256.78,PROD00006,7256.78,20250313,1.0
REF000310,ORD000679,ITEM0001437,2024-10-11,9953.38,Damaged,Rejected,2024-09-20,21980.08,PROD00144,9953.38,20240920,1.0
REF000311,ORD004875,ITEM0010188,2024-04-11,477.27,Changed Mind,Rejected,2024-03-14,16659.94,PROD00203,477.27,20240314,1.0
REF000312,ORD000901,ITEM0001899,2023-07-11,4996.57,Not as Described,Pending,2023-06-21,33725.05,PROD00170,4996.57,20230621,1.0
REF000313,ORD001609,ITEM0003389,2023-05-27,6282.37,Damaged,Approved,2023-05-14,6282.37,PROD00107,6282.37,20230514,1.0
REF000314,ORD001616,ITEM0003402,2023-07-28,3504.39,Wrong Item,Pending,2023-07-08,3504.39,PROD00282,3504.39,20230708,1.0
REF000315,ORD002394,ITEM0005044,2024-11-20,4199.76,Changed Mind,Approved,2024-11-10,25828.82,PROD00128,4199.76,20241110,1.0
REF000316,ORD001564,ITEM0003296,2023-05-25,23432.32,Not as Described,Approved,2023-05-13,62681.33,PROD00258,23432.32,20230513,1.0
REF000317,ORD004771,ITEM0009968,2024-04-04,862.91,Damaged,Rejected,2024-03-22,862.91,PROD00080,862.91,20240322,1.0
REF000318,ORD004625,ITEM0009661,2023-04-29,6870.4,Not as Described,Pending,2023-04-03,12774.38,PROD00112,6870.4,20230403,1.0
REF000319,ORD002095,ITEM0004399,2024-04-02,13877.49,Quality Issue,Rejected,2024-03-05,44396.35,PROD00280,13877.49,20240305,1.0
REF000320,ORD004197,ITEM0008762,2024-02-20,1960.53,Not as Described,Approved,2024-01-23,31005.97,PROD00085,1960.53,20240123,1.0
REF000321,ORD001793,ITEM0003754,2023-11-02,4595.24,Damaged,Rejected,2023-10-10,12947.84,PROD00057,4595.24,20231010,1.0
REF000322,ORD000010,ITEM0000016,2023-06-03,21447.52,Changed Mind,Rejected,2023-05-25,21447.52,PROD00293,21447.52,20230525,1.0
REF000323,ORD001510,ITEM0003179,2024-08-01,643.2,Changed Mind,Approved,2024-07-22,6584.83,PROD00028,643.2,20240722,1.0
REF000324,ORD000813,ITEM0001730,2024-10-04,7979.23,Changed Mind,Approved,2024-09-13,7979.23,PROD00281,7979.23,20240913,1.0
REF000325,ORD000059,ITEM0000114,2023-07-08,8497.57,Changed Mind,Rejected,2023-06-18,14439.2,PROD00025,8497.57,20230618,1.0
REF000326,ORD004313,ITEM0008995,2023-11-15,3521.07,Late Delivery,Pending,2023-10-30,3521.07,PROD00291,3521.07,20231030,1.0
REF000327,ORD003682,ITEM0007660,2024-12-16,13065.38,Wrong Item,Approved,2024-11-16,11549.43,PROD00122,11549.43,20241116,1.1312575598968952
REF000328,ORD004226,ITEM0008817,2023-12-26,1016.59,Wrong Item,Pending,2023-12-09,38315.07,PROD00202,1016.59,20231209,1.0
REF000329,ORD003602,ITEM0007492,2024-04-06,1820.28,Damaged,Rejected,2024-03-23,6889.62,PROD00252,1820.28,20240323,1.0
REF000330,ORD000016,ITEM0000028,2024-07-03,8153.69,Quality Issue,Rejected,2024-06-03,8153.69,PROD00006,8153.69,20240603,1.0
REF000331,ORD002328,ITEM0004907,2023-02-08,6559.01,Late Delivery,Approved,2023-01-29,6559.01,PROD00287,6559.01,20230129,1.0
REF000332,ORD002148,ITEM0004519,2024-03-18,2836.33,Wrong Item,Rejected,2024-03-04,8466.71,PROD00161,2836.33,20240304,1.0
REF000333,ORD004385,ITEM0009163,2024-05-25,4017.14,Changed Mind,Approved,2024-05-13,5995.74,PROD00078,4017.14,20240513,1.0
REF000334,ORD003068,ITEM0006409,2024-05-11,8478.19,Late Delivery,Pending,2024-04-29,16642.93,PROD00074,8478.19,20240429,1.0
REF000335,ORD003071,ITEM0006418,2023-01-21,9496.43,Changed Mind,Approved,2023-01-10,30971.260000000002,PROD00121,9496.43,20230110,1.0
REF000336,ORD003482,ITEM0007234,2023-11-11,8988.77,Wrong Item,Rejected,2023-10-24,29274.36,PROD00046,8988.77,20231024,1.0
REF000337,ORD003233,ITEM0006732,2024-03-23,2989.14,Quality Issue,Approved,2024-03-01,2989.14,PROD00067,2989.14,20240301,1.0
REF000338,ORD001566,ITEM0003301,2024-04-30,9921.51,Quality Issue,Rejected,2024-04-03,13568.18,PROD00216,9921.51,20240403,1.0
REF000339,ORD002028,ITEM0004256,2024-09-27,899.86,Wrong Item,Pending,2024-09-20,899.86,PROD00066,899.86,20240920,1.0
REF000340,ORD001657,ITEM0003479,2024-07-24,556.92,Not as Described,Pending,2024-07-06,556.92,PROD00277,556.92,20240706,1.0
REF000341,ORD004363,ITEM0009112,2023-11-18,289.51,Not as Described,Pending,2023-11-04,289.51,PROD00219,289.51,20231104,1.0
REF000342,ORD004029,ITEM0008399,2024-10-20,12746.83,Damaged,Rejected,2024-10-12,22558.35,PROD00272,12746.83,20241012,1.0
REF000343,ORD003539,ITEM0007357,2024-09-07,8742.62,Quality Issue,Pending,2024-08-12,41163.22,PROD00193,8742.62,20240812,1.0
REF000344,ORD004981,ITEM0010412,2023-08-15,3002.04,Damaged,Pending,2023-07-29,11438.8,PROD00222,3002.04,20230729,1.0
REF000345,ORD000977,ITEM0002053,2024-05-20,13360.6,Late Delivery,Pending,2024-05-06,14478.59,PROD00210,13360.6,20240506,1.0
REF000346,ORD004721,ITEM0009848,2024-04-20,11716.16,Late Delivery,Rejected,2024-04-12,43741.840000000004,PROD00258,11716.16,20240412,1.0
REF000347,ORD001594,ITEM0003359,2023-11-17,8661.69,Changed Mind,Rejected,2023-11-05,8661.69,PROD00100,8661.69,20231105,1.0
REF000348,ORD000252,ITEM0000541,2023-07-21,2892.4,Changed Mind,Approved,2023-07-12,2892.4,PROD00068,2892.4,20230712,1.0
REF000349,ORD001753,ITEM0003669,2024-05-06,5804.0,Not as Described,Pending,2024-04-19,5804.0,PROD00003,5804.0,20240419,1.0
REF000350,ORD000753,ITEM0001603,2023-09-02,2419.19,Damaged,Approved,2023-08-20,8920.33,PROD00123,2419.19,20230820,1.0
REF000351,ORD003021,ITEM0006323,2024-08-22,4549.33,Not as Described,Approved,2024-07-24,5892.69,PROD00244,4549.33,20240724,1.0
REF000352,ORD002533,ITEM0005318,2024-03-23,7427.34,Late Delivery,Rejected,2024-02-25,7427.34,PROD00283,7427.34,20240225,1.0
REF000353,ORD001081,ITEM0002285,2024-01-23,5424.36,Not as Described,Rejected,2023-12-26,5424.36,PROD00044,5424.36,20231226,1.0
REF000354,ORD002788,ITEM0005821,2023-09-15,5504.82,Wrong Item,Pending,2023-08-26,17392.989999999998,PROD00164,5504.82,20230826,1.0
REF000355,ORD003375,ITEM0007027,2023-03-05,5338.68,Wrong Item,Approved,2023-02-24,5338.68,PROD00050,5338.68,20230224,1.0
REF000356,ORD000537,ITEM0001136,2024-08-09,7730.34,Changed Mind,Rejected,2024-07-19,26135.86,PROD00046,7730.34,20240719,1.0
REF000357,ORD002134,ITEM0004494,2024-05-30,17400.68,Quality Issue,Approved,2024-05-24,17400.68,PROD00270,17400.68,20240524,1.0
REF000358,ORD001217,ITEM0002550,2024-11-16,633.24,Late Delivery,Approved,2024-11-11,633.24,PROD00089,633.24,20241111,1.0
REF000359,ORD004893,ITEM0010231,2023-02-23,477.27,Changed Mind,Approved,2023-01-26,477.27,PROD00203,477.27,20230126,1.0
REF000360,ORD001812,ITEM0003789,2024-02-09,1460.84,Not as Described,Pending,2024-01-20,19743.7,PROD00262,1460.84,20240120,1.0
REF000361,ORD004532,ITEM0009472,2023-12-04,18545.3,Changed Mind,Pending,2023-11-16,18545.3,PROD00001,18545.3,20231116,1.0
REF000362,ORD001901,ITEM0003980,2024-07-06,5284.63,Late Delivery,Pending,2024-06-23,5284.63,PROD00164,5284.63,20240623,1.0
REF000363,ORD000920,ITEM0001939,2024-05-31,2473.94,Changed Mind,Approved,2024-05-05,2951.21,PROD00173,2473.94,20240505,1.0
REF000364,ORD000593,ITEM0001255,2023-12-07,3631.49,Damaged,Pending,2023-11-18,3631.49,PROD00040,3631.49,20231118,1.0
REF000365,ORD002578,ITEM0005394,2024-05-30,9197.85,Late Delivery,Rejected,2024-05-13,10868.61,PROD00119,9197.85,20240513,1.0
REF000366,ORD004885,ITEM0010209,2024-11-15,3307.17,Late Delivery,Pending,2024-10-28,9778.14,PROD00216,3307.17,20241028,1.0
REF000367,ORD002282,ITEM0004804,2024-02-28,4002.16,Damaged,Pending,2024-02-15,25789.76,PROD00270,4002.16,20240215,1.0
REF000368,ORD003877,ITEM0008071,2024-06-05,302.22,Late Delivery,Rejected,2024-05-20,7114.25,PROD00159,302.22,20240520,1.0
REF000369,ORD000302,ITEM0000641,2023-04-23,429.05,Not as Described,Rejected,2023-04-18,1848.8100000000002,PROD00069,350.66,20230418,1.2235498773740945
REF000370,ORD000745,ITEM0001587,2023-04-12,3632.18,Quality Issue,Approved,2023-03-27,4189.099999999999,PROD00156,3632.18,20230327,1.0
REF000371,ORD002657,ITEM0005558,2023-01-18,6703.46,Changed Mind,Rejected,2023-01-11,6703.46,PROD00196,6703.46,20230111,1.0
REF000372,ORD004838,ITEM0010101,2023-09-29,9420.21,Damaged,Pending,2023-09-10,34703.4,PROD00074,9420.21,20230910,1.0
REF000373,ORD000403,ITEM0000862,2023-12-15,32033.52,Late Delivery,Rejected,2023-11-26,72151.11,PROD00264,32033.52,20231126,1.0
REF000374,ORD003704,ITEM0007700,2024-04-24,2525.54,Changed Mind,Rejected,2024-04-15,2525.54,PROD00157,2525.54,20240415,1.0
REF000375,ORD001532,ITEM0003228,2023-11-25,5728.01,Damaged,Approved,2023-11-13,25634.769999999997,PROD00148,5728.01,20231113,1.0
REF000376,ORD004300,ITEM0008970,2024-01-03,3816.19,Changed Mind,Approved,2023-12-28,4393.25,PROD00209,3816.19,20231228,1.0
REF000377,ORD002786,ITEM0005818,2023-09-03,4549.33,Quality Issue,Pending,2023-08-14,13538.1,PROD00244,4549.33,20230814,1.0
REF000378,ORD002464,ITEM0005170,2023-08-29,3504.39,Quality Issue,Approved,2023-08-20,9830.04,PROD00282,3504.39,20230820,1.0
REF000379,ORD003672,ITEM0007643,2023-05-26,1302.09,Wrong Item,Pending,2023-05-20,11943.599999999999,PROD00091,1302.09,20230520,1.0
REF000380,ORD004279,ITEM0008925,2024-08-12,7229.99,Changed Mind,Pending,2024-07-13,17637.67,PROD00053,7229.99,20240713,1.0
REF000381,ORD004960,ITEM0010368,2023-06-19,3365.3,Changed Mind,Pending,2023-06-14,21513.89,PROD00251,3365.3,20230614,1.0
REF000382,ORD002546,ITEM0005336,2024-03-06,-8138.6,Wrong Item,Pending,2024-02-09,-8138.6,PROD00158,-8138.6,20240209,1.0
REF000383,ORD000586,ITEM0001243,2023-10-05,10930.45,Not as Described,Pending,2023-09-22,10930.45,PROD00297,10930.45,20230922,1.0
REF000384,ORD000204,ITEM0000444,2023-09-04,28357.72,Not as Described,Pending,2023-08-09,48752.850000000006,PROD00012,28357.72,20230809,1.0
REF000385,ORD004936,ITEM0010318,2024-10-22,3944.29,Damaged,Pending,2024-10-12,3944.29,PROD00201,3944.29,20241012,1.0
REF000386,ORD003945,ITEM0008224,2023-06-27,6038.15,Not as Described,Approved,2023-06-15,10237.91,PROD00076,6038.15,20230615,1.0
REF000387,ORD001142,ITEM0002410,2023-09-15,7427.34,Not as Described,Rejected,2023-08-31,20448.7,PROD00283,7427.34,20230831,1.0
REF000388,ORD004871,ITEM0010178,2023-07-16,6088.4,Damaged,Approved,2023-06-17,12645.42,PROD00099,6088.4,20230617,1.0
REF000389,ORD003878,ITEM0008073,2023-01-23,8100.56,Damaged,Approved,2023-01-03,10349.43,PROD00124,8100.56,20230103,1.0
REF000390,ORD000675,ITEM0001426,2023-02-02,18197.32,Late Delivery,Approved,2023-01-18,22650.9,PROD00244,18197.32,20230118,1.0
REF000391,ORD001896,ITEM0003974,2023-08-17,4494.45,Wrong Item,Rejected,2023-08-06,5984.28,PROD00184,4494.45,20230806,1.0
REF000392,ORD000092,ITEM0000189,2023-11-03,397.66,Changed Mind,Approved,2023-10-07,397.66,PROD00159,397.66,20231007,1.0
REF000393,ORD003224,ITEM0006714,2023-10-13,377.04,Damaged,Approved,2023-09-15,377.04,PROD00203,377.04,20230915,1.0
REF000394,ORD003448,ITEM0007165,2024-06-30,3555.32,Damaged,Approved,2024-06-16,7834.41,PROD00120,3555.32,20240616,1.0
REF000395,ORD003813,ITEM0007923,2023-04-03,8235.83,Quality Issue,Rejected,2023-03-09,8235.83,PROD00042,8235.83,20230309,1.0
REF000396,ORD004646,ITEM0009702,2023-03-16,11388.58,Late Delivery,Approved,2023-02-20,11388.58,PROD00125,11388.58,20230220,1.0
REF000397,ORD004554,ITEM0009515,2023-12-12,6662.95,Late Delivery,Approved,2023-11-25,6662.95,PROD00075,6662.95,20231125,1.0
REF000398,ORD000974,ITEM0002045,2024-09-13,1799.72,Not as Described,Approved,2024-08-16,3992.0,PROD00066,1799.72,20240816,1.0
REF000399,ORD001418,ITEM0002980,2023-12-27,629.33,Not as Described,Approved,2023-12-03,629.33,PROD00226,629.33,20231203,1.0
REF000400,ORD003437,ITEM0007140,2024-08-27,16058.38,Late Delivery,Approved,2024-08-17,16593.64,PROD00240,16058.38,20240817,1.0
REF000401,ORD003858,ITEM0008034,2024-05-07,2135.25,Damaged,Pending,2024-04-24,44750.63,PROD00269,2135.25,20240424,1.0
REF000402,ORD002817,ITEM0005879,2024-10-13,5774.34,Not as Described,Pending,2024-09-28,5774.34,PROD00181,5774.34,20240928,1.0
REF000403,ORD004962,ITEM0010371,2023-11-29,9552.76,Not as Described,Approved,2023-11-12,9552.76,PROD00234,9552.76,20231112,1.0
REF000404,ORD004903,ITEM0010251,2024-05-17,23382.76,Wrong Item,Pending,2024-05-08,30728.539999999997,PROD00145,23382.76,20240508,1.0
REF000405,ORD004463,ITEM0009339,2023-04-30,14776.9,Late Delivery,Pending,2023-04-22,31142.08,PROD00109,14776.9,20230422,1.0
REF000406,ORD004436,ITEM0009273,2024-07-03,1725.82,Quality Issue,Approved,2024-06-12,1725.82,PROD00080,1725.82,20240612,1.0
REF000407,ORD001256,ITEM0002637,2024-07-03,3314.82,Late Delivery,Rejected,2024-06-22,3782.15,PROD00188,3314.82,20240622,1.0
REF000408,ORD001288,ITEM0002719,2023-10-05,6816.31,Wrong Item,Rejected,2023-09-23,24041.6,PROD00267,5393.87,20230923,1.2637141792442161
REF000409,ORD003868,ITEM0008055,2024-04-08,4625.83,Late Delivery,Approved,2024-03-16,4625.83,PROD00280,4625.83,20240316,1.0
REF000410,ORD000654,ITEM0001374,2023-12-08,7872.57,Late Delivery,Rejected,2023-11-16,7872.57,PROD00081,7872.57,20231116,1.0
REF000411,ORD003535,ITEM0007349,2024-11-25,7135.45,Damaged,Approved,2024-11-01,7135.45,PROD00276,7135.45,20241101,1.0
REF000412,ORD000408,ITEM0000879,2024-08-13,11670.95,Changed Mind,Approved,2024-08-05,32595.71,PROD00180,11670.95,20240805,1.0
REF000413,ORD004297,ITEM0008966,2024-02-17,5358.09,Changed Mind,Rejected,2024-02-11,29666.61,PROD00169,5358.09,20240211,1.0
REF000414,ORD003781,ITEM0007861,2024-05-27,4342.88,Damaged,Pending,2024-05-07,4342.88,PROD00132,4342.88,20240507,1.0
REF000415,ORD003688,ITEM0007670,2024-01-15,513.14,Quality Issue,Approved,2023-12-23,513.14,PROD00256,513.14,20231223,1.0
REF000416,ORD004413,ITEM0009213,2024-06-15,423.44,Changed Mind,Approved,2024-05-30,21148.54,PROD00146,423.44,20240530,1.0
REF000417,ORD003576,ITEM0007432,2023-06-09,5963.66,Not as Described,Rejected,2023-05-24,5963.66,PROD00128,5963.66,20230524,1.0
REF000418,ORD002783,ITEM0005810,2024-06-05,2216.13,Damaged,Approved,2024-05-28,11437.009999999998,PROD00035,2216.13,20240528,1.0
REF000419,ORD002559,ITEM0005361,2023-09-19,6326.27,Late Delivery,Approved,2023-09-04,6326.27,PROD00056,6326.27,20230904,1.0
REF000420,ORD003259,ITEM0006786,2023-02-11,621.23,Late Delivery,Pending,2023-01-14,9032.539999999999,PROD00136,621.23,20230114,1.0
REF000421,ORD003383,ITEM0007041,2024-12-07,2661.51,Changed Mind,Approved,2024-11-27,2661.51,PROD00236,2661.51,20241127,1.0
REF000422,ORD001213,ITEM0002542,2024-06-03,14627.28,Not as Described,Pending,2024-05-19,14627.28,PROD00133,14627.28,20240519,1.0
REF000423,ORD004959,ITEM0010367,2024-08-07,21697.44,Not as Described,Approved,2024-07-27,24599.44,PROD00044,21697.44,20240727,1.0
REF000424,ORD004262,ITEM0008894,2024-10-07,4050.28,Not as Described,Approved,2024-09-29,5707.6900000000005,PROD00124,4050.28,20240929,1.0
REF000425,ORD000544,ITEM0001150,2023-02-04,2576.9,Damaged,Rejected,2023-01-24,2576.9,PROD00035,2576.9,20230124,1.0
REF000426,ORD004221,ITEM0008807,2024-05-04,1439.94,Damaged,Pending,2024-04-05,1439.94,PROD00170,1439.94,20240405,1.0
REF000427,ORD000776,ITEM0001662,2023-05-05,6662.95,Damaged,Pending,2023-04-21,29131.41,PROD00075,6662.95,20230421,1.0
REF000428,ORD002704,ITEM0005657,2024-10-13,7313.64,Wrong Item,Approved,2024-09-17,26493.02,PROD00133,7313.64,20240917,1.0
REF000429,ORD004495,ITEM0009398,2024-03-10,561.86,Changed Mind,Rejected,2024-02-19,561.86,PROD00005,561.86,20240219,1.0
REF000430,ORD001449,ITEM0003047,2024-08-16,910.14,Late Delivery,Pending,2024-08-06,7052.72,PROD00252,910.14,20240806,1.0
REF000431,ORD003136,ITEM0006538,2024-08-27,5424.92,Quality Issue,Approved,2024-08-16,5976.360000000001,PROD00243,5424.92,20240816,1.0
REF000432,ORD004932,ITEM0010306,2024-09-25,6242.11,Wrong Item,Rejected,2024-09-18,35349.770000000004,PROD00065,6242.11,20240918,1.0
REF000433,ORD001173,ITEM0002468,2023-11-08,1297.58,Damaged,Rejected,2023-10-16,17683.809999999998,PROD00226,1297.58,20231016,1.0
REF000434,ORD001789,ITEM0003741,2024-07-24,2790.22,Quality Issue,Approved,2024-07-11,26370.940000000002,PROD00288,2790.22,20240711,1.0
REF000435,ORD001861,ITEM0003898,2023-06-01,7789.03,Wrong Item,Rejected,2023-05-19,7789.03,PROD00001,7789.03,20230519,1.0
REF000436,ORD002569,ITEM0005378,2024-04-22,7427.34,Damaged,Pending,2024-03-31,6080.92,PROD00283,7427.34,20240331,1.0
REF000437,ORD004828,ITEM0010080,2023-07-29,2033.18,Not as Described,Approved,2023-07-17,9346.82,PROD00202,2033.18,20230717,1.0
REF000438,ORD002439,ITEM0005133,2023-06-16,28525.68,Damaged,Pending,2023-05-22,28525.68,PROD00200,28525.68,20230522,1.0
REF000439,ORD000701,ITEM0001486,2024-08-31,7313.64,Late Delivery,Approved,2024-08-22,7313.64,PROD00133,7313.64,20240822,1.0
REF000440,ORD000411,ITEM0000889,2024-05-02,10722.2,Changed Mind,Approved,2024-04-19,27989.1,PROD00195,9608.14,20240419,1.1159496010674284
REF000441,ORD004840,ITEM0010107,2023-01-20,5424.36,Changed Mind,Rejected,2023-01-15,7924.82,PROD00044,5424.36,20230115,1.0
REF000442,ORD000281,ITEM0000599,2024-10-29,1607.62,Late Delivery,Rejected,2024-10-24,1607.62,PROD00239,1607.62,20241024,1.0
REF000443,ORD004296,ITEM0008960,2023-08-29,4559.98,Damaged,Pending,2023-08-11,19134.32,PROD00088,4559.98,20230811,1.0
REF000444,ORD001694,ITEM0003553,2023-03-26,895.09,Late Delivery,Approved,2023-03-06,895.09,PROD00295,895.09,20230306,1.0
REF000445,ORD003889,ITEM0008101,2024-04-20,12076.3,Quality Issue,Approved,2024-03-21,27320.76,PROD00076,12076.3,20240321,1.0
REF000446,ORD004026,ITEM0008392,2024-02-14,8182.59,Not as Described,Approved,2024-01-20,8182.59,PROD00294,8182.59,20240120,1.0
REF000447,ORD003699,ITEM0007689,2023-08-15,791.63,Late Delivery,Rejected,2023-07-22,8002.84,PROD00253,791.63,20230722,1.0
REF000448,ORD002622,ITEM0005489,2024-10-21,1083.33,Changed Mind,Approved,2024-10-12,25627.41,PROD00063,1083.33,20241012,1.0
REF000449,ORD002648,ITEM0005540,2024-03-18,1075.34,Damaged,Approved,2024-03-05,19118.46,PROD00143,1075.34,20240305,1.0
REF000450,ORD003634,ITEM0007555,2024-05-12,5941.63,Quality Issue,Rejected,2024-05-04,28653.95,PROD00054,5941.63,20240504,1.0
REF000451,ORD004734,ITEM0009878,2024-08-17,1195.14,Quality Issue,Pending,2024-07-24,1195.14,PROD00290,1195.14,20240724,1.0
REF000452,ORD001866,ITEM0003911,2023-10-13,1664.05,Quality Issue,Approved,2023-09-26,1664.05,PROD00235,1664.05,20230926,1.0
REF000453,ORD004637,ITEM0009684,2023-02-01,4897.3,Late Delivery,Rejected,2023-01-12,13038.66,PROD00021,4897.3,20230112,1.0
REF000454,ORD003200,ITEM0006663,2023-07-06,1589.57,Late Delivery,Approved,2023-06-06,1589.57,PROD00047,1589.57,20230606,1.0
REF000455,ORD004163,ITEM0008681,2023-06-26,3095.41,Not as Described,Pending,2023-05-28,31621.09,PROD00105,3095.41,20230528,1.0
REF000456,ORD001839,ITEM0003860,2024-04-10,12839.26,Wrong Item,Approved,2024-03-21,12839.26,PROD00039,12839.26,20240321,1.0
REF000457,ORD001936,ITEM0004053,2023-09-04,4595.24,Late Delivery,Pending,2023-08-18,4595.24,PROD00057,4595.24,20230818,1.0
REF000458,ORD000161,ITEM0000350,2023-09-26,1750.19,Wrong Item,Pending,2023-09-08,16699.91,PROD00160,1750.19,20230908,1.0
REF000459,ORD004850,ITEM0010128,2023-04-12,3400.83,Quality Issue,Approved,2023-03-30,3400.83,PROD00004,3400.83,20230330,1.0
REF000460,ORD001553,ITEM0003276,2024-09-08,33419.48,Damaged,Approved,2024-08-31,50674.37,PROD00142,33419.48,20240831,1.0
REF000461,ORD001817,ITEM0003800,2023-01-20,2719.98,Quality Issue,Approved,2023-01-09,2719.98,PROD00185,2719.98,20230109,1.0
REF000462,ORD002941,ITEM0006154,2024-02-03,3632.18,Wrong Item,Pending,2024-01-22,21672.07,PROD00156,3632.18,20240122,1.0
REF000463,ORD001859,ITEM0003895,2023-02-24,1718.72,Damaged,Rejected,2023-01-29,1718.72,PROD00140,1718.72,20230129,1.0
REF000464,ORD001413,ITEM0002967,2024-02-06,7979.23,Not as Described,Approved,2024-01-15,53538.01,PROD00281,7979.23,20240115,1.0
REF000465,ORD000847,ITEM0001793,2023-10-13,899.86,Late Delivery,Approved,2023-09-27,13985.73,PROD00066,899.86,20230927,1.0
REF000466,ORD000502,ITEM0001067,2024-07-20,1606.65,Changed Mind,Approved,2024-06-21,1606.65,PROD00194,1606.65,20240621,1.0
REF000467,ORD004655,ITEM0009718,2024-10-20,4172.4,Quality Issue,Pending,2024-10-09,4403.98,PROD00135,4172.4,20241009,1.0
REF000468,ORD000668,ITEM0001412,2024-02-03,439.58,Not as Described,Pending,2024-01-13,18720.41,PROD00271,439.58,20240113,1.0
REF000469,ORD003847,ITEM0008008,2023-12-08,494.65,Quality Issue,Pending,2023-12-02,15479.3,PROD00090,494.65,20231202,1.0
REF000470,ORD002888,ITEM0006041,2023-12-18,1942.09,Changed Mind,Rejected,2023-11-29,18157.25,PROD00033,1942.09,20231129,1.0
REF000471,ORD001762,ITEM0003690,2023-10-08,23544.64,Late Delivery,Approved,2023-09-15,23544.64,PROD00264,23544.64,20230915,1.0
REF000472,ORD001700,ITEM0003562,2024-03-30,10115.71,Late Delivery,Pending,2024-03-01,18060.28,PROD00024,10115.71,20240301,1.0
REF000473,ORD004006,ITEM0008346,2023-08-13,7013.68,Wrong Item,Rejected,2023-08-02,21780.940000000002,PROD00023,7013.68,20230802,1.0
REF000474,ORD004738,ITEM0009888,2023-10-16,5358.09,Changed Mind,Rejected,2023-09-20,5358.09,PROD00169,5358.09,20230920,1.0
REF000475,ORD001890,ITEM0003965,2023-11-20,5526.27,Not as Described,Pending,2023-10-26,6157.56,PROD00154,5526.27,20231026,1.0
REF000476,ORD000062,ITEM0000120,2023-08-25,2402.47,Damaged,Approved,2023-08-20,6653.98,PROD00098,2402.47,20230820,1.0
REF000477,ORD001434,ITEM0003011,2024-01-04,5217.04,Not as Described,Approved,2023-12-28,15261.699999999999,PROD00170,5217.04,20231228,1.0
REF000478,ORD004040,ITEM0008426,2023-05-31,37680.84,Late Delivery,Pending,2023-05-15,37680.84,PROD00074,37680.84,20230515,1.0
REF000479,ORD003427,ITEM0007124,2024-04-04,4279.09,Not as Described,Pending,2024-03-22,4279.09,PROD00249,4279.09,20240322,1.0
REF000480,ORD002227,ITEM0004687,2024-10-26,6226.31,Changed Mind,Rejected,2024-09-28,6226.31,PROD00232,6226.31,20240928,1.0
REF000481,ORD000513,ITEM0001082,2023-09-07,9071.35,Changed Mind,Pending,2023-08-19,9569.65,PROD00073,9071.35,20230819,1.0
REF000482,ORD001521,ITEM0003207,2023-07-06,1907.13,Quality Issue,Rejected,2023-06-13,1907.13,PROD00078,1907.13,20230613,1.0
REF000483,ORD004071,ITEM0008496,2024-06-16,2393.58,Changed Mind,Rejected,2024-06-03,21464.7,PROD00185,2393.58,20240603,1.0
REF000484,ORD003844,ITEM0007999,2024-01-02,4097.38,Not as Described,Rejected,2023-12-09,30888.34,PROD00004,4097.38,20231209,1.0
REF000485,ORD004161,ITEM0008677,2024-11-22,6559.01,Late Delivery,Approved,2024-10-29,17361.23,PROD00287,6559.01,20241029,1.0
REF000486,ORD000550,ITEM0001159,2024-02-06,3419.98,Quality Issue,Rejected,2024-01-26,14907.289999999999,PROD00088,3419.98,20240126,1.0
REF000487,ORD002610,ITEM0005465,2024-08-30,15998.88,Damaged,Approved,2024-08-01,-3502.1600000000017,PROD00009,15998.88,20240801,1.0
REF000488,ORD003733,ITEM0007762,2023-02-06,8235.83,Damaged,Rejected,2023-01-15,21518.17,PROD00042,8235.83,20230115,1.0
REF000489,ORD002858,ITEM0005974,2024-03-18,5435.74,Changed Mind,Pending,2024-03-11,20578.079999999998,PROD00037,5435.74,20240311,1.0
REF000490,ORD004817,ITEM0010053,2024-06-12,10653.48,Not as Described,Approved,2024-05-26,12580.189999999999,PROD00049,10653.48,20240526,1.0
REF000491,ORD000511,ITEM0001079,2023-06-18,1498.15,Changed Mind,Approved,2023-05-30,1498.15,PROD00184,1498.15,20230530,1.0
REF000492,ORD004643,ITEM0009696,2023-02-20,3365.3,Changed Mind,Rejected,2023-02-06,6800.5,PROD00251,3365.3,20230206,1.0
REF000493,ORD004203,ITEM0008774,2023-08-31,4519.53,Damaged,Rejected,2023-08-11,9966.130000000001,PROD00170,4519.53,20230811,1.0
REF000494,ORD002729,ITEM0005699,2024-10-18,3090.91,Damaged,Pending,2024-09-23,3090.91,PROD00113,3090.91,20240923,1.0
REF000495,ORD001322,ITEM0002789,2024-08-29,6005.27,Quality Issue,Approved,2024-08-19,6005.27,PROD00016,6005.27,20240819,1.0
REF000496,ORD000449,ITEM0000953,2024-09-08,4639.15,Damaged,Pending,2024-08-18,12133.779999999999,PROD00096,4639.15,20240818,1.0
REF000497,ORD001524,ITEM0003211,2024-05-15,438.59,Late Delivery,Rejected,2024-04-20,438.59,PROD00071,438.59,20240420,1.0
REF000498,ORD004037,ITEM0008419,2023-03-05,3504.39,Changed Mind,Approved,2023-02-14,26371.079999999998,PROD00282,3504.39,20230214,1.0
REF000499,ORD000068,ITEM0000132,2023-06-23,2500.46,Not as Described,Rejected,2023-05-31,2699.29,PROD00129,2500.46,20230531,1.0
REF000500,ORD001441,ITEM0003027,2023-10-15,2598.45,Wrong Item,Approved,2023-09-19,18541.67,PROD00181,2598.45,20230919,1.0
